X,Y,OBJECTID,advisorySpeed,areaUnitID,bicycle,bridge,bus,carStationWagon,cliffBank,crashDirectionDescription,crashFinancialYear,crashLocation1,crashLocation2,crashRoadSideRoad,crashSeverity,crashSHDescription,crashYear,debris,directionRoleDescription,ditch,fatalCount,fence,flatHill,guardRail,holiday,houseOrBuilding,intersection,kerb,light,meshblockId,minorInjuryCount,moped,motorcycle,NumberOfLanes,objectThrownOrDropped,otherObject,otherVehicleType,overBank,parkedVehicle,pedestrian,phoneBoxEtc,postOrPole,region,roadCharacter,roadLane,roadSurface,roadworks,schoolBus,seriousInjuryCount,slipOrFlood,speedLimit,strayAnimal,streetLight,suv,taxi,temporarySpeedLimit,tlaId,tlaName,trafficControl,trafficIsland,trafficSign,train,tree,truck,unknownVehicleType,urban,vanOrUtility,vehicle,waterRiver,weatherA,weatherB
1620313,5428949,4198,,583500,0,,0,2,,East,2011/2012,PASCOE ST,PARKERS ROAD,,Non-Injury Crash,No,2011,,South,,0,,Flat,,,,,,Bright sun,2335801,0,0,0,2,,,0,,,,,,Nelson Region,Nil,2-way,Sealed,,0,0,,50,,Null,0,0,,52,Nelson City,Give way,,,,,0,0,Urban,0,,,Fine,Null
1756085,5923489,4199,,509800,0,,0,2,,South,2007/2008,SH 1N,STAFFORD OFF NBD,,Non-Injury Crash,Yes,2007,,North,,0,,Hill Road,,,,,,Bright sun,359100,0,0,0,4,,,0,,,,,,Auckland Region,Bridge,1-way,Sealed,,0,0,,80,,None,0,0,,76,Auckland,Nil,,,,,0,0,Open,0,,,Fine,Null
1762265,5913751,4200,,520401,0,,0,2,,Null,2009/2010,PORTMAN ROAD,PENROSE ROAD,,Non-Injury Crash,No,2010,,North,,0,,Flat,,,,,,Bright sun,644300,0,0,0,2,,,0,,,,,,Auckland Region,Nil,2-way,Sealed,,0,0,,50,,None,0,0,,76,Auckland,Give way,,,,,0,0,Urban,0,,,Fine,Null
1820617,5577148,4201,,559220,0,0,0,0,0,North,2003/2004,SH 1N,KOTUKUTUKU ROAD,,Minor Crash,Yes,2004,0,North,0,0,0,Flat,0,,0,,0,Overcast,1747800,2,0,0,2,0,0,0,0,0,,0,0,Manawatu-Wanganui Region,Nil,2-way,Sealed,0,0,0,0,100,0,Null,0,0,,38,Rangitikei District,Nil,0,1,0,0,0,0,Open,1,0,0,Fine,Frost
1742452,5926465,4202,,513410,0,,0,0,,Null,2015/2016,SH 16,FRED TAYLOR DRIVE,,Minor Crash,Yes,2016,,East,,0,,Flat,,,,,,Bright sun,223100,1,0,0,2,,,0,,,,,,Auckland Region,Nil,1-way,Sealed,,0,0,,50,,Null,0,0,,76,Auckland,Nil,,,,,1,0,Urban,0,,,Fine,Null
1850620,5770155,4203,,535261,0,0,0,1,0,North,2004/2005,SH 1N,TAMATEA ROAD,,Serious Crash,Yes,2004,0,North,0,0,0,Flat,0,,0,,0,Dark,1134204,0,0,0,2,0,0,0,0,0,,0,0,Waikato Region,Nil,2-way,Sealed,0,0,1,0,100,0,None,0,0,,19,South Waikato District,Nil,0,0,0,1,0,0,Open,0,0,0,Fine,Frost
1746983,5919101,4204,,512402,0,,0,2,,Null,2000/2001,TE ATATU ROAD,JAEMONT AVENUE,,Non-Injury Crash,No,2000,,South,,0,,Flat,,,,,,Bright sun,254500,0,0,0,2,,,0,,,,,,Auckland Region,Nil,2-way,Sealed,,0,0,,50,,Off,0,0,,76,Auckland,Traffic Signals,,,,,0,0,Urban,0,,,Fine,Null
1759343,5908424,4205,,524121,0,,0,1,,Null,2011/2012,SLIP ROAD,MCKENZIE ROAD,,Non-Injury Crash,No,2012,,South,,0,,Flat,,,,,,Dark,737200,0,0,0,2,,,0,,,,,,Auckland Region,Nil,2-way,Sealed,,0,0,,50,,On,0,0,,76,Auckland,Nil,,,,,0,0,Urban,0,,,Fine,Null
1747171,5919371,4206,,512402,0,0,0,1,0,Null,2013/2014,TE ATATU ROAD,COVIL AVENUE,,Non-Injury Crash,No,2013,0,South,0,0,0,Hill Road,0,,0,,1,Dark,254100,0,0,0,2,0,0,0,0,0,,0,0,Auckland Region,Nil,1-way,Sealed,0,0,0,0,50,0,On,0,0,,76,Auckland,Give way,0,0,0,0,0,0,Urban,0,0,0,Fine,Null
1764819,5903805,4207,,524604,0,,0,2,,Null,2017/2018,CAVENDISH DRIVE,PUHINUI OFF SBD,,Non-Injury Crash,No,2017,,North,,0,,Flat,,,,,,Dark,781301,0,0,0,5,,,0,,,,,,Auckland Region,Nil,2-way,Sealed,,0,0,,60,,On,0,0,,76,Auckland,Traffic Signals,,,,,0,0,Urban,0,,,Heavy rain,Null
1804283,5790588,4208,,531003,0,,0,0,,Null,2018/2019,ARAWATA ST,GEORGE ST,,Minor Crash,No,2018,,West,,0,,Flat,,,,,,Dark,968302,1,0,0,2,,,0,,,1,,,Waikato Region,Nil,2-way,Sealed,,0,0,,50,,On,1,0,,17,Waipa District,Give way,,,,,0,0,Urban,0,,,Fine,Null
1750484,5913724,4209,,511303,0,,0,1,,Null,2002/2003,PORTAGE ROAD,CLARK ST,,Non-Injury Crash,No,2002,,North,,0,,Flat,,,,,,Overcast,265002,0,0,0,4,,,0,,,,,,Auckland Region,Nil,2-way,Sealed,,0,0,,50,,Off,0,0,,76,Auckland,Give way,,,,,0,0,Urban,1,,,Fine,Null
1956499.02,5668028.736,4210,,545301,0,,0,1,,North,2019/2020,002-0562,MOHAKA VIADUCT,,Non-Injury Crash,Yes,2019,,South,,0,,Hill Road,,,,,,Dark,1392700,0,0,0,2,,,0,,,,,,Hawke's Bay Region,Nil,2-way,Sealed,,0,0,,100,,Off,0,0,,29,Wairoa District,Unknown,,,,,1,0,Open,1,,,Fine,Null
1841175,5919993,4211,,533000,0,0,0,3,0,North,2000/2001,ALBERT ST,COGHILL ST,,Non-Injury Crash,No,2000,0,South,0,0,0,Flat,0,,1,,0,Bright sun,1046601,0,0,0,2,0,0,0,0,1,,0,0,Waikato Region,Nil,2-way,Sealed,0,0,0,0,50,0,Off,0,0,,11,Thames-Coromandel District,Nil,0,0,0,0,0,0,Urban,0,0,0,Fine,Null
1571410,5180163,4212,,591700,0,0,0,1,0,East,2014/2015,WORCESTER ST,BARBADOES ST,,Non-Injury Crash,No,2014,0,West,0,0,1,Flat,0,,0,,0,Dark,2657600,0,0,0,2,0,0,0,0,0,,0,0,Canterbury Region,Nil,2-way,Sealed,0,0,0,0,50,0,On,0,0,,60,Christchurch City,Nil,0,0,0,0,0,0,Urban,0,0,0,Fine,Frost
1279958,5010016,4213,,609031,0,0,0,1,0,South,2014/2015,CROWN RANGE ROAD,CROWN RANGE SUMMIT,,Non-Injury Crash,No,2015,0,North,1,0,0,Hill Road,0,,0,,0,Unknown,3039900,0,0,0,2,0,0,0,0,0,,0,0,Otago Region,Nil,2-way,Sealed,0,0,0,0,100,0,None,0,0,,70,Queenstown-Lakes District,Unknown,0,1,0,0,0,0,Open,0,0,0,Null,Null
1761202,5914711,4214,,520202,0,,0,0,,North,2017/2018,SH 1N,PENROSE OFF SBD,,Non-Injury Crash,Yes,2018,,South,,0,,Flat,,,,,,Overcast,612100,0,0,0,3,,,0,,,,,,Auckland Region,Nil,1-way,Sealed,,0,0,,100,,Null,2,0,,76,Auckland,Unknown,,,,,0,0,Open,0,,,Fine,Null
1570641,5179895,4215,,591500,0,,1,0,,South,2002/2003,COLOMBO ST,CASHEL ST,,Serious Crash,No,2002,,North,,0,,Flat,,,,,,Overcast,2651700,0,0,0,2,,,0,,,1,,,Canterbury Region,Nil,2-way,Sealed,,0,1,,50,,Null,0,0,,60,Christchurch City,Unknown,,,,,0,0,Urban,0,,,Fine,Null
1243483,4850331,4216,,611100,0,,0,2,,Null,2002/2003,QUEENS DRIVE,GALA ST,,Non-Injury Crash,No,2002,,South,,0,,Flat,,Christmas New Year,,,,Bright sun,3134800,0,0,0,2,,,0,,,,,,Southland Region,Nil,2-way,Sealed,,0,0,,50,,Null,0,0,,75,Invercargill City,Traffic Signals,,,,,0,0,Urban,0,,,Fine,Null
1801785,5822548,4217,,527009,0,,0,0,,Null,2004/2005,GORDONTON ROAD,BORMAN ROAD,,Non-Injury Crash,No,2004,,North,,0,,Flat,,,,,,Overcast,952239,0,0,0,2,,,0,,,,,,Waikato Region,Nil,2-way,Sealed,,0,0,,100,,Off,0,0,,16,Hamilton City,Give way,,,,,0,0,Open,2,,,Fine,Null
1746310,5916861,4218,,510800,0,,0,2,,Null,2000/2001,GREAT NORTH ROAD,DELLWOOD AVENUE,,Minor Crash,No,2001,,South,,0,,Hill Road,,,,,,Bright sun,243502,1,0,0,3,,,0,,,,,,Auckland Region,Nil,2-way,Sealed,,0,0,,50,,Off,0,0,,76,Auckland,Stop,,,,,0,0,Urban,0,,,Fine,Null
1574513,5183926,4219,,592820,0,0,0,2,0,North,2001/2002,LOUGHTON ST,GILWELL ST,,Non-Injury Crash,No,2002,0,South,0,0,0,Flat,0,,0,,0,Bright sun,2603400,0,0,0,2,0,0,0,0,1,,0,0,Canterbury Region,Nil,2-way,Sealed,0,0,0,0,50,0,Null,0,0,,60,Christchurch City,Unknown,0,0,0,0,0,0,Urban,0,0,0,Fine,Null
1570453,5177966,4220,,594600,0,,0,2,,West,2008/2009,MILTON ST,ANTRIM ST,,Minor Crash,No,2008,,East,,0,,Flat,,,,,,Bright sun,2620801,2,0,0,2,,,0,,,,,,Canterbury Region,Nil,2-way,Sealed,,0,0,,50,,Null,0,0,,60,Christchurch City,Nil,,,,,0,0,Urban,0,,,Fine,Null
1829003,5833230,4221,,534603,0,0,0,1,1,North,2002/2003,SH 27,SH 26,,Non-Injury Crash,Yes,2002,0,North,0,0,0,Flat,0,,0,,0,Dark,1095900,0,0,0,2,0,0,0,0,0,,0,0,Waikato Region,Nil,2-way,Sealed,0,0,0,0,100,0,None,0,0,,15,Matamata-Piako District,Nil,0,0,0,0,0,0,Open,0,0,0,Fine,Null
1764829,5909543,4222,,521802,0,0,0,1,0,North,2003/2004,RODNEY ST,FAIRBURN ROAD,,Non-Injury Crash,No,2003,0,South,0,0,0,Flat,0,,1,,0,Dark,788700,0,0,0,2,0,0,0,0,0,,0,0,Auckland Region,Nil,2-way,Sealed,0,0,0,0,50,0,On,0,0,,76,Auckland,Nil,0,0,0,1,0,0,Urban,0,0,0,Fine,Null
1748915,5425319,4223,,576500,0,,0,1,,East,2006/2007,Z CPK HOSPITAL,REGINA/RIDDIFORD,,Non-Injury Crash,No,2006,,North,,0,,Flat,,,,,,Overcast,2148800,0,0,0,0,,,0,,,,,,Wellington Region,Nil,Off road,Sealed,,0,0,,50,,Null,1,0,,47,Wellington City,Nil,,,,,0,0,Urban,0,,,Fine,Null
1574216,5177316,4224,,594100,0,,0,2,,Null,2003/2004,SH 74A GARLANDS,CUMNOR TERRACE,,Non-Injury Crash,Yes,2004,,West,,0,,Flat,,,,,,Overcast,2586700,0,0,0,2,,,0,,,,,,Canterbury Region,Nil,2-way,Sealed,,0,0,,50,,Null,0,0,,60,Christchurch City,Stop,,,,,0,0,Urban,0,,,Light rain,Null
1405943,4913830,4225,,604410,0,0,0,3,0,Null,2016/2017,BAY VIEW ROAD,DALGETY ST,,Minor Crash,No,2016,0,East,0,0,0,Flat,0,,0,,0,Overcast,2928800,1,0,0,2,0,0,0,0,1,,0,0,Otago Region,Nil,2-way,Sealed,0,0,0,0,50,0,Null,1,0,,71,Dunedin City,Nil,0,0,0,0,0,0,Urban,1,0,0,Fine,Null
1759935,5872272,4226,,521153,0,0,0,0,0,East,2003/2004,AKA AKA ROAD,AKA AKA CHURCH ROAD,,Minor Crash,No,2004,0,East,0,0,0,Flat,0,,0,,0,Dark,833500,1,0,0,2,0,0,0,0,0,,0,1,Waikato Region,Nil,2-way,Sealed,0,0,0,0,100,0,On,0,0,,13,Waikato District,Nil,0,0,0,0,0,0,Open,1,0,0,Fine,Null
1550247,5180971,4227,,587904,0,0,0,0,0,West,2006/2007,SH 73,WYLIES ROAD,,Non-Injury Crash,Yes,2006,0,East,1,0,0,Flat,0,,0,,0,Dark,2493000,0,0,0,2,0,0,0,0,0,,0,0,Canterbury Region,Nil,2-way,Sealed,0,0,0,0,100,0,None,0,0,,62,Selwyn District,Unknown,0,0,0,0,0,0,Open,1,0,0,Light rain,Null
1837034,5611097,4228,,559210,0,0,0,1,1,North,2003/2004,SH 1N,NGAWAKA ROAD,,Non-Injury Crash,Yes,2004,0,North,0,0,0,Hill Road,0,,0,,0,Twilight,1755800,0,0,0,3,0,0,0,0,0,,0,0,Manawatu-Wanganui Region,Nil,2-way,Sealed,0,0,0,0,100,0,None,0,0,,38,Rangitikei District,Nil,0,0,0,0,0,0,Open,0,0,0,Fine,Null
1751718,5435259,4229,,573600,0,,0,1,,South,2016/2017,SH 1N,JOHNSONVILLE ON NBD,,Non-Injury Crash,Yes,2017,,North,,0,,Flat,,,,,,Overcast,2081200,0,0,0,4,,,0,,,,,,Wellington Region,Nil,2-way,Sealed,,0,0,,100,,Null,0,0,,47,Wellington City,Unknown,,,,,0,0,Open,1,,,Fine,Null
1765662,5901407,4230,,524604,0,0,0,1,0,Null,2007/2008,ROSCOMMON ROAD,BROWNS ROAD,,Non-Injury Crash,No,2008,0,South,0,0,0,Flat,0,,0,,0,Dark,781302,0,0,0,4,0,0,0,0,0,,0,0,Auckland Region,Nil,2-way,Sealed,0,0,0,0,50,0,On,0,0,,76,Auckland,Nil,0,0,0,0,0,0,Urban,0,0,0,Fine,Null
1664325,6075603,4231,55,500802,0,0,0,1,0,East,2017/2018,SH 12,PUNAKITERE ROAD,,Non-Injury Crash,Yes,2018,0,East,0,0,1,Flat,0,,0,,0,Dark,22500,0,0,0,2,0,0,0,0,0,,0,0,Northland Region,Nil,2-way,Sealed,0,0,0,0,100,0,None,0,0,,1,Far North District,Unknown,0,0,0,0,0,0,Open,0,0,0,Light rain,Null
1730950,5954392,4232,,506613,0,,0,2,,North,2007/2008,SH 16,MAKARAU ROAD,,Non-Injury Crash,Yes,2008,,South,,0,,Hill Road,,,,,,Bright sun,146300,0,0,0,2,,,0,,,,,,Auckland Region,Nil,2-way,Sealed,,0,0,,100,,None,0,0,,76,Auckland,Nil,,,,,1,0,Open,0,,,Fine,Null
1753225,5914773,4233,,518801,0,,0,1,,South,2002/2003,RICHARDSON ROAD,STODDARD ROAD,,Non-Injury Crash,No,2002,,South,,0,,Hill Road,,,,,,Overcast,578400,0,0,0,2,,,0,,,,,,Auckland Region,Nil,2-way,Sealed,,0,0,,50,,Off,0,0,,76,Auckland,Nil,,,,,0,0,Urban,1,,,Fine,Null
1379809,4905345,4234,,602500,0,0,0,1,0,North,2004/2005,CENTRE ROAD,HENLEY-BERWICK ROAD,,Minor Crash,No,2004,0,South,1,0,0,Flat,0,,0,,0,Overcast,2975500,1,0,0,2,0,0,0,0,0,,0,0,Otago Region,Nil,2-way,Sealed,0,0,0,0,100,0,Null,0,0,,71,Dunedin City,Unknown,0,0,0,0,0,0,Open,1,0,0,Fine,Null
1877735.215,5823069.627,4235,,537400,0,,0,1,,Null,2018/2019,BIRCH AVENUE,WAIHI AVENUE,,Non-Injury Crash,No,2018,,North,,0,,Flat,,,,,,Bright sun,1162600,0,0,0,2,,,0,,,,,,Bay of Plenty Region,Nil,2-way,Sealed,,0,0,,50,,Off,0,0,,23,Tauranga City,Traffic Signals,,,,,0,0,Urban,1,,,Fine,Null
1405604,4914955,4236,,604210,0,0,0,1,0,North,2015/2016,SOUTH ROAD,EGLINTON ROAD,,Non-Injury Crash,No,2016,0,South,0,0,0,Hill Road,1,Christmas New Year,0,,0,Overcast,2914100,0,0,0,2,0,0,0,0,0,,0,0,Otago Region,Nil,2-way,Sealed,0,0,0,0,50,0,Null,0,0,,71,Dunedin City,Unknown,0,0,0,0,0,0,Urban,0,0,0,Heavy rain,Null
1764378,5912267,4237,,520500,0,,0,1,,Null,2009/2010,SH 1N,MT WGTN ON SBD,,Non-Injury Crash,Yes,2009,,South,,0,,Flat,,,,,,Dark,639300,0,0,0,3,,,0,,,,,,Auckland Region,Nil,1-way,Sealed,,0,0,,100,,On,0,0,,76,Auckland,Nil,,,,,1,0,Open,0,,,Fine,Null
1258686,5004406,4238,,609302,0,,0,1,,North,2016/2017,HALLENSTEIN ST,SYDNEY ST,,Non-Injury Crash,No,2017,,North,,0,,Flat,,,,,,Bright sun,3034000,0,0,1,2,,,0,,,,,,Otago Region,Nil,2-way,Sealed,,0,0,,50,,Off,0,0,,70,Queenstown-Lakes District,Nil,,,,,0,0,Urban,0,,,Fine,Null
1760354,5912321,4239,,520000,0,,0,1,,Null,2014/2015,CAPTAIN SPRINGS ROAD,CHURCH ST,,Non-Injury Crash,No,2015,,North,,0,,Flat,,,,,,Overcast,606600,0,0,0,2,,,0,,,,,,Auckland Region,Nil,2-way,Sealed,,0,0,,50,,Null,1,0,,76,Auckland,Traffic Signals,,,,,0,0,Urban,0,,,Fine,Null
1765438,5441673,4240,,569500,0,,0,1,,Null,2009/2010,SH 2,SH 58,,Non-Injury Crash,Yes,2009,,North,,0,,Flat,,,,,,Overcast,1917200,0,0,0,2,,,0,,,,,,Wellington Region,Nil,2-way,Sealed,,0,0,,100,,Null,1,0,,46,Lower Hutt City,Traffic Signals,,,,,0,0,Open,0,,,Light rain,Null
1758802,5903115,4241,,524200,0,,0,2,,East,2016/2017,RAY EMERY DRIVE,INTERNATIONAL MAIN ENT,,Non-Injury Crash,No,2016,,West,,0,,Flat,,,,,,Dark,727200,0,0,0,1,,,0,,,,,,Auckland Region,Nil,1-way,Sealed,,0,0,,30,,On,0,0,,76,Auckland,Unknown,,,,,0,0,Urban,0,,,Fine,Null
1720465.988,6043890.538,4242,,503900,0,,0,1,,South,2019/2020,KIOREROA ROAD,UNION EAST STREET,,Non-Injury Crash,No,2020,,South,,0,,Flat,,,,,,Overcast,109200,0,0,0,2,,,0,,,,,,Northland Region,Nil,2-way,Sealed,,0,0,,60,,None,0,0,30,2,Whangarei District,Nil,,,,,0,0,Urban,1,,,Fine,Null
1854877,5803127,4243,,535231,0,0,0,1,1,East,2005/2006,SH 29,SH 28,,Non-Injury Crash,Yes,2006,0,North,1,0,0,Hill Road,0,,0,,0,Dark,1113900,0,0,0,3,0,0,0,0,0,,0,0,Waikato Region,Nil,2-way,Unsealed,0,0,0,0,100,0,Off,0,0,50,15,Matamata-Piako District,Unknown,0,0,0,0,0,0,Open,0,0,0,Mist or Fog,Null
1889690,5822525,4244,,536201,0,,0,1,,West,2004/2005,DICKSON ROAD,DOMAIN ROAD,,Non-Injury Crash,No,2005,,West,,0,,Flat,,,,,,Bright sun,1204708,0,0,0,2,,,0,,,,,,Bay of Plenty Region,Nil,2-way,Sealed,,0,0,,50,,Off,1,0,,23,Tauranga City,Nil,,,,,0,0,Urban,0,,,Fine,Null
1753493,5875486,4245,,526103,0,,0,1,,Null,2008/2009,QUEEN ST,MELLSOP AVENUE,,Non-Injury Crash,No,2008,,West,,0,,Flat,,,,,,Overcast,837700,0,0,0,1,,,0,,,,,,Auckland Region,Nil,2-way,Sealed,,0,0,,50,,Off,0,0,,76,Auckland,Give way,,,,,0,0,Urban,0,,,Light rain,Null
1570518,5154515,4246,,597101,0,0,0,1,0,South,2011/2012,SH 75,GRAYLEES ROAD,,Serious Crash,Yes,2012,0,South,0,0,0,Flat,0,,0,,1,Twilight,2712500,0,0,0,2,0,0,0,0,0,,0,0,Canterbury Region,Nil,2-way,Sealed,0,0,1,0,100,0,None,0,0,,60,Christchurch City,Unknown,0,0,0,0,0,0,Open,0,0,0,Mist or Fog,Null
1892549,5811855,4247,,538502,0,0,0,2,0,North,2004/2005,MOEHAU ST,HOOKEY DRIVE,,Non-Injury Crash,No,2005,0,North,0,0,0,Flat,0,,0,,0,Bright sun,1216600,0,0,0,2,0,0,0,0,1,,0,0,Bay of Plenty Region,Nil,2-way,Sealed,0,0,0,0,50,0,Null,0,0,,22,Western Bay of Plenty District,Unknown,0,0,0,0,0,0,Urban,0,0,0,Fine,Null
1752479,5917274,4248,,515003,0,,0,2,,Null,1999/2000,FIFTH AVENUE,CARRINGTON ROAD,,Non-Injury Crash,No,2000,,West,,0,,Flat,,,,,,Bright sun,391602,0,0,0,2,,,0,,,,,,Auckland Region,Nil,2-way,Sealed,,0,0,,50,,Off,0,0,,76,Auckland,Stop,,,,,0,0,Urban,0,,,Fine,Null
1896099,5811756,4249,,536653,0,,0,2,,West,2007/2008,TE PUKE HIGHWAY,RANGIURU ROAD,,Non-Injury Crash,No,2008,,East,,0,,Flat,,,,,,Bright sun,1210100,0,0,0,2,,,0,,,,,,Bay of Plenty Region,Nil,2-way,Sealed,,0,0,,70,,Null,0,0,,22,Western Bay of Plenty District,Unknown,,,,,0,0,Urban,0,,,Fine,Null
1753823,5926781,4250,,508310,1,,0,1,,North,2002/2003,GLENFIELD ROAD,DOMAIN ROAD,,Non-Injury Crash,No,2003,,North,,0,,Flat,,,,,,Overcast,202502,0,0,0,2,,,0,,,,,,Auckland Region,Nil,2-way,Sealed,,0,0,,50,,Off,0,0,,76,Auckland,Nil,,,,,0,0,Urban,0,,,Fine,Null
1745241,5919188,4251,,513302,0,0,0,1,0,Null,2005/2006,LINCOLN ROAD,POMARIA ROAD,,Non-Injury Crash,No,2005,0,North,0,0,0,Hill Road,0,,0,,0,Bright sun,232205,0,0,0,2,0,0,0,0,1,,0,0,Auckland Region,Nil,2-way,Sealed,0,0,0,0,50,0,Off,0,0,,76,Auckland,Traffic Signals,0,0,0,0,0,0,Urban,1,0,0,Fine,Null
1884973,5773692,4252,,540410,0,0,0,1,0,North,2009/2010,TUTANEKAI ST,SH 30A,,Non-Injury Crash,No,2009,0,North,0,0,0,Flat,0,,0,,0,Bright sun,1236100,0,0,0,2,0,0,0,0,1,,0,0,Bay of Plenty Region,Nil,2-way,Sealed,0,0,0,0,50,0,Null,0,0,,24,Rotorua District,Unknown,0,0,0,0,0,0,Urban,0,0,0,Fine,Null
1710902,5644151,4253,,553101,0,,0,1,,South,2000/2001,SH 3,CELIA ST,,Minor Crash,Yes,2000,,South,,0,,Flat,,,,,,Overcast,1611100,2,0,0,2,,,0,,,2,,,Taranaki Region,Nil,2-way,Sealed,,0,0,,50,,Null,0,0,,34,Stratford District,Nil,,,,,0,0,Urban,0,,,Light rain,Null
1757500,5920907,4254,,514101,0,,0,2,,West,2003/2004,CUSTOMS ST WEST,QUEEN ST,,Non-Injury Crash,No,2003,,East,,0,,Flat,,,,,,Bright sun,432900,0,0,0,4,,,0,,,,,,Auckland Region,Nil,2-way,Sealed,,0,0,,50,,Off,0,0,,76,Auckland,Nil,,,,,0,0,Urban,0,,,Fine,Null
1804120,5814138,4255,,530700,0,,0,2,,Null,2013/2014,MASTERS AVENUE,MANSEL AVENUE,,Non-Injury Crash,No,2014,,South,,0,,Hill Road,,,,,,Bright sun,888800,0,0,0,2,,,0,,,,,,Waikato Region,Nil,2-way,Sealed,,0,0,,50,,Null,0,0,,16,Hamilton City,Stop,,,,,0,0,Urban,0,,,Fine,Null
1752571,5933621,4256,,508701,0,,0,1,,Null,2012/2013,DON MCKINNON DRIVE,MERCARI WAY,,Non-Injury Crash,No,2013,,East,,0,,Flat,,,,,,Dark,178900,0,0,0,2,,,0,,,,,,Auckland Region,Nil,2-way,Sealed,,0,0,,50,,On,0,0,,76,Auckland,Give way,,,,,0,0,Urban,1,,,Fine,Null
1755631,5929053,4257,,508510,0,,0,1,,Null,2016/2017,TRISTRAM AVENUE,TRISTRAM ON SBD,,Non-Injury Crash,No,2017,,South,,0,,Flat,,,,,,Bright sun,195200,0,0,0,6,,,0,,,,,,Auckland Region,Nil,2-way,Sealed,,0,0,,50,,Null,1,0,,76,Auckland,Traffic Signals,,,,,0,0,Urban,0,,,Fine,Null
1801185,5812773,4258,,530400,0,,0,2,,Null,2003/2004,SH3 ON RAMP,ODETTE ST,,Minor Crash,Yes,2004,,West,,0,,Flat,,,,,,Overcast,924000,1,0,0,4,,,0,,,,,,Waikato Region,Nil,2-way,Sealed,,0,0,,60,,Off,0,1,,16,Hamilton City,Give way,,,,,0,0,Urban,0,,,Light rain,Null
1754070,5925570,4259,,510500,0,0,0,2,0,East,2001/2002,PUPUKE ROAD,BANK ST,,Non-Injury Crash,No,2002,0,East,0,0,0,Hill Road,0,,0,,0,Dark,355400,0,0,0,2,0,0,0,0,1,,0,0,Auckland Region,Nil,2-way,Sealed,0,0,0,0,50,0,On,0,0,,76,Auckland,Nil,0,0,0,0,0,0,Urban,0,0,0,Light rain,Null
1455339,5065897,4260,,600410,0,,0,1,,Null,2004/2005,SH 1S,OTAIO RIV BR,,Non-Injury Crash,Yes,2004,,South,,0,,Flat,,Christmas New Year,,,,Dark,2815401,0,0,0,2,,,0,,,,,,Canterbury Region,Bridge,2-way,Sealed,,0,0,,100,,None,0,0,,66,Waimate District,Unknown,,,,,0,0,Open,0,,,Light rain,Null
1768833,5905282,4261,,523722,0,0,0,1,0,Null,2017/2018,DISSMEYER DRIVE,BOUNDARY ROAD,,Non-Injury Crash,No,2018,0,North,0,0,0,Flat,0,,0,,0,Overcast,716010,0,0,0,2,0,0,0,0,0,,0,0,Auckland Region,Nil,2-way,Sealed,0,0,0,0,50,0,Null,0,0,,76,Auckland,Give way,0,0,0,1,0,0,Urban,0,0,0,Light rain,Null
1744942,5915392,4262,,512903,0,0,0,2,0,South,2012/2013,BRUCE MCLAREN ROAD,HULME PLACE,,Minor Crash,No,2012,0,North,0,0,0,Flat,0,,0,,0,Bright sun,278001,2,0,0,2,0,0,0,0,0,,0,1,Auckland Region,Nil,2-way,Sealed,0,0,0,0,50,0,Off,0,0,,76,Auckland,Nil,0,0,0,0,0,0,Urban,0,0,0,Fine,Null
1755048,5927885,4263,,508310,0,,0,1,,Null,2011/2012,ARCHERS ROAD,CHIVALRY ROAD,,Minor Crash,No,2011,,East,,0,,Flat,,,,,,Bright sun,201000,1,0,0,2,,,0,,,,,,Auckland Region,Nil,2-way,Sealed,,0,0,,50,,Off,0,0,,76,Auckland,Traffic Signals,,,,,0,0,Urban,1,,,Fine,Null
1266716,4906424,4264,75,610031,0,0,0,1,0,South,2004/2005,MANDEVILLE-KINGSTON CROSS,DUNN & CODY ROAD,,Minor Crash,No,2005,0,South,0,0,0,Flat,0,,0,,0,Dark,3049300,1,0,0,2,0,0,0,0,0,,0,1,Southland Region,Nil,2-way,Sealed,0,0,0,0,100,0,None,0,0,,73,Southland District,Unknown,0,0,0,0,0,0,Open,0,0,0,Fine,Null