X,Y,OBJECTID,advisorySpeed,areaUnitID,bicycle,bridge,bus,carStationWagon,cliffBank,crashDirectionDescription,crashFinancialYear,crashLocation1,crashLocation2,crashRoadSideRoad,crashSeverity,crashSHDescription,crashYear,debris,directionRoleDescription,ditch,fatalCount,fence,flatHill,guardRail,holiday,houseOrBuilding,intersection,kerb,light,meshblockId,minorInjuryCount,moped,motorcycle,NumberOfLanes,objectThrownOrDropped,otherObject,otherVehicleType,overBank,parkedVehicle,pedestrian,phoneBoxEtc,postOrPole,region,roadCharacter,roadLane,roadSurface,roadworks,schoolBus,seriousInjuryCount,slipOrFlood,speedLimit,strayAnimal,streetLight,suv,taxi,temporarySpeedLimit,tlaId,tlaName,trafficControl,trafficIsland,trafficSign,train,tree,truck,unknownVehicleType,urban,vanOrUtility,vehicle,waterRiver,weatherA,weatherB
1407198,4917434,4398,,603602,0,0,0,3,0,East,2015/2016,HARROW ST,FREDERICK ST,,Non-Injury Crash,No,2016,0,West,0,0,0,Flat,0,,0,,0,Overcast,2869100,0,0,0,2,0,0,0,0,1,,0,0,Otago Region,Nil,2-way,Sealed,0,0,0,0,50,0,Null,0,0,,71,Dunedin City,Unknown,0,0,0,0,0,0,Urban,0,0,0,Fine,Null
1825217,5543779,4399,,560422,0,,0,2,,Null,2004/2005,TAONUI ROAD,COLYTON ROAD,,Non-Injury Crash,No,2005,,East,,0,,Flat,,,,,,Overcast,1760400,0,0,0,2,,,0,,,,,,Manawatu-Wanganui Region,Nil,2-way,Sealed,,0,0,,100,,Null,0,0,,39,Manawatu District,Give way,,,,,0,0,Open,0,,,Light rain,Null
1571018,5180888,4400,,591700,1,,0,0,,East,2013/2014,SALISBURY ST,MANCHESTER ST,,Minor Crash,No,2013,,East,,0,,Flat,,,,,,Bright sun,2655400,1,0,0,1,,,0,,,,,,Canterbury Region,Nil,1-way,Sealed,,0,0,,50,,Null,1,0,30,60,Christchurch City,Nil,,,,,0,0,Urban,0,,,Fine,Null
1756051,5917423,4401,,518201,0,,0,1,,South,2018/2019,DOMINION ROAD,WALTERS ROAD,,Non-Injury Crash,No,2018,,South,,0,,Flat,,,,,,Bright sun,547800,0,0,0,2,,,0,,,,,,Auckland Region,Nil,2-way,Sealed,,0,0,,50,,Null,0,0,,76,Auckland,Unknown,,,,,1,0,Urban,0,,,Fine,Null
1875647,5823337,4402,,537302,0,,0,1,,Null,2006/2007,SH 2,WAIHI ON WBD,,Non-Injury Crash,Yes,2006,,West,,0,,Flat,,,,,,Bright sun,1161600,0,0,0,2,,,0,,,,,,Bay of Plenty Region,Nil,1-way,Sealed,,0,0,,80,,Off,0,0,50,23,Tauranga City,Nil,,,,,1,0,Open,0,,,Fine,Null
1793431.306,5770760.22,4403,,531200,0,0,0,0,0,Null,2019/2020,MANIAPOTO STREET,CLARKE STREET,,Non-Injury Crash,Yes,2020,0,North,0,0,1,Flat,0,,0,,0,Dark,998600,0,0,0,2,0,0,0,0,0,,0,0,Waikato Region,Nil,2-way,Sealed,0,0,0,0,50,0,On,0,0,,18,Otorohanga District,Give way,0,0,0,0,0,0,Urban,1,0,0,Fine,Null
1956862,5788078,4404,,542514,0,,0,1,,South,2006/2007,WAINUI ROAD,HARBOUR ROAD,,Non-Injury Crash,No,2006,,South,,0,,Flat,,,,,,Overcast,1296500,0,0,0,2,,,0,,,,,,Bay of Plenty Region,Nil,2-way,Sealed,,0,0,,100,,None,0,0,,25,Whakatane District,Nil,,,,,0,0,Open,0,,,Mist or Fog,Null
1748495,5428481,4405,,573000,0,,0,1,,East,2013/2014,AURORA TERRACE,CLIFTON TERRACE,,Non-Injury Crash,No,2013,,West,,0,,Hill Road,,,,,,Bright sun,2124900,0,0,0,2,,,0,,,,,,Wellington Region,Nil,2-way,Sealed,,0,0,,50,,Null,1,0,,47,Wellington City,Nil,,,,,0,0,Urban,0,,,Fine,Null
1570879,5180785,4406,,591700,0,,0,3,,North,2006/2007,MANCHESTER ST,PETERBOROUGH ST,,Non-Injury Crash,No,2007,,North,,0,,Flat,,,,,,Dark,2655800,0,0,0,2,,,0,,,,,,Canterbury Region,Nil,2-way,Sealed,,0,0,,50,,On,0,0,,60,Christchurch City,Unknown,,,,,0,0,Urban,0,,,Fine,Null
1773231.323,5579755,4407,,555200,0,,0,2,,Null,2019/2020,GREAT NORTH ROAD,MONTGOMERY ROAD,,Minor Crash,Yes,2020,,North,,0,,Hill Road,,,,,,Overcast,1683100,2,0,0,2,,,0,,,,,,Manawatu-Wanganui Region,Nil,2-way,Sealed,,0,0,,50,,Off,0,0,,37,Whanganui District,Give way,,,,,0,0,Urban,0,,,Fine,Null
1757392,5446069,4408,,571600,0,0,0,2,0,West,2008/2009,BEAUMARIS CRESCENT,STIPULATE PLACE,,Non-Injury Crash,No,2009,0,West,0,0,0,Hill Road,0,,0,,0,Bright sun,2057602,0,0,0,2,0,0,0,0,1,,0,0,Wellington Region,Nil,2-way,Sealed,0,0,0,0,50,0,Null,0,0,,44,Porirua City,Nil,0,0,0,0,0,0,Urban,0,0,0,Fine,Null
1759810,5907024,4409,,524111,0,,0,1,,North,2013/2014,KILLINGTON CRESCENT,ORLY AVENUE,,Non-Injury Crash,No,2014,,South,,0,,Flat,,,,,,Bright sun,740000,0,0,0,2,,,0,,,,,,Auckland Region,Nil,2-way,Sealed,,0,0,,50,,Null,1,0,,76,Auckland,Nil,,,,,0,0,Urban,0,,,Fine,Null
1937034,5613418,4410,,545832,0,,0,1,,North,2000/2001,SH 2,FARNDON ROAD,,Minor Crash,Yes,2001,,North,,0,,Flat,,,,,,Bright sun,1404000,2,0,0,2,,,0,,,,,,Hawke's Bay Region,Bridge,2-way,Sealed,,0,0,,100,,Null,0,0,,30,Hastings District,Nil,,,,,0,0,Open,1,,,Fine,Null
1857024.956,5837212.269,4411,,536615,0,0,0,0,1,South,2019/2020,002-0116,TETLEY ROAD,,Non-Injury Crash,Yes,2019,0,North,0,0,1,Flat,0,,0,,0,Dark,1182704,0,0,0,2,0,0,0,0,0,,0,0,Bay of Plenty Region,Nil,2-way,Sealed,0,0,0,0,100,0,None,0,0,,22,Western Bay of Plenty District,Unknown,0,0,0,0,0,0,Open,1,0,0,Light rain,Null
1766069,5907296,4412,,522302,0,,0,1,,Null,2000/2001,EAST TAMAKI ROAD,HUIA ROAD,,Minor Crash,No,2000,,West,,0,,Null,,,,,,Bright sun,667700,1,0,0,3,,,0,,,,,,Auckland Region,Bridge,2-way,Sealed,,0,0,,50,,Off,0,0,,76,Auckland,Traffic Signals,,,,,0,0,Urban,1,,,Fine,Null
1719345,6045784,4413,,503100,0,,0,2,,Null,1999/2000,BANK ST,CAMERON ST,,Non-Injury Crash,No,2000,,East,,0,,Flat,,,,,,Bright sun,99700,0,0,0,2,,,0,,,,,,Northland Region,Nil,2-way,Sealed,,0,0,,50,,Off,0,0,,2,Whangarei District,Traffic Signals,,,,,0,0,Urban,0,,,Fine,Null
1798377,5817808,4414,,528403,0,,0,1,,East,2018/2019,GARNETT AVENUE,KEN BROWNE DRIVE,,Minor Crash,No,2018,,East,,0,,Flat,,Christmas New Year,,,,Bright sun,908100,1,0,0,2,,,0,,,,,,Waikato Region,Nil,2-way,Sealed,,0,0,,50,,Null,0,0,,16,Hamilton City,Unknown,,,,,1,0,Urban,0,,,Fine,Null
1747801,5424976,4415,,575701,0,0,0,2,0,North,2017/2018,MILLS ROAD,VENNELL ST,,Non-Injury Crash,No,2018,0,South,0,0,0,Hill Road,0,,0,,0,Overcast,2199101,0,0,0,2,0,0,0,0,1,,0,0,Wellington Region,Nil,2-way,Sealed,0,0,0,0,50,0,Null,0,0,,47,Wellington City,Unknown,0,0,0,0,0,0,Urban,0,0,0,Fine,Null
1753789,5917756,4416,,517800,0,,0,2,,North,2004/2005,ST LUKES ROAD,ASQUITH AVENUE,,Non-Injury Crash,No,2005,,North,,0,,Flat,,,,,,Dark,526000,0,0,0,2,,,0,,,,,,Auckland Region,Nil,2-way,Sealed,,0,0,,50,,On,0,0,,76,Auckland,Nil,,,,,0,0,Urban,0,,,Fine,Null
1792597,5511270,4417,,564021,0,,0,1,,West,2006/2007,OTUROA ROAD,SH 1N,,Minor Crash,No,2006,,West,,0,,Flat,,,,,,Overcast,1854700,1,0,0,2,,,0,,,,,,Manawatu-Wanganui Region,Nil,2-way,Sealed,,0,0,,100,,Null,0,0,,42,Horowhenua District,Nil,,,,,0,0,Open,1,,,Light rain,Null
1771256,5915777,4418,,522603,0,0,0,1,0,East,2002/2003,HASELER CRESCENT,BLEAKHOUSE ROAD,,Non-Injury Crash,No,2003,0,East,0,0,0,Hill Road,0,,0,,0,Dark,678803,0,0,0,2,0,0,0,0,0,,0,1,Auckland Region,Nil,2-way,Sealed,0,0,0,0,50,0,On,0,0,,76,Auckland,Nil,0,0,0,0,0,0,Urban,0,0,0,Light rain,Null
1757822,5918965,4419,,515902,0,,0,2,,Null,2005/2006,PARK ROAD,DOMAIN DRIVE NORTH,,Non-Injury Crash,No,2005,,South,,0,,Flat,,,,,,Bright sun,451400,0,0,0,2,,,0,,,,,,Auckland Region,Nil,2-way,Sealed,,0,0,,50,,Off,0,0,,76,Auckland,Give way,,,,,0,0,Urban,0,,,Fine,Null
1573310,5177571,4420,,594300,0,0,0,2,0,Null,2015/2016,SH 76,OPAWA ROAD SOUTH,,Non-Injury Crash,Yes,2015,0,North,0,0,0,Flat,0,,0,,0,Bright sun,2585800,0,0,0,4,0,0,0,0,0,,0,0,Canterbury Region,Nil,2-way,Sealed,0,0,0,0,60,0,Null,0,0,,60,Christchurch City,Give way,1,0,0,0,1,0,Urban,0,0,0,Fine,Null
1751729,5432793,4421,,574303,0,0,0,3,0,Null,2004/2005,SH 1N,TYERS ROAD,,Non-Injury Crash,Yes,2004,0,West,0,0,0,Hill Road,0,,0,,0,Overcast,2088705,0,0,0,3,0,0,0,0,0,,0,0,Wellington Region,Nil,1-way,Sealed,0,0,0,0,80,0,Null,0,0,,47,Wellington City,Nil,0,0,0,0,0,0,Open,2,0,0,Fine,Null
1792878.945,5499917.894,4422,,564231,0,,0,1,,Null,2019/2020,CAMBRIDGE STREET,SOUTH LANE,,Serious Crash,No,2020,,North,,0,,Flat,,,,,,Bright sun,1870700,0,0,1,2,,,0,,,,,,Manawatu-Wanganui Region,Nil,2-way,Sealed,,0,1,,50,,Off,0,0,,42,Horowhenua District,Give way,,,,,0,0,Urban,0,,,Fine,Null
1669068,5648376,4423,,553302,0,,0,0,,North,2017/2018,SH 45,NAMU ROAD,,Non-Injury Crash,Yes,2018,,North,,0,,Flat,,,,,,Overcast,1626802,0,0,0,2,,,0,,,,,,Taranaki Region,Nil,2-way,Sealed,,0,0,,100,,Null,0,0,,35,South Taranaki District,Unknown,,,,,1,0,Open,0,,,Heavy rain,Strong wind
1802793.17,5815999.166,4424,,530100,0,,0,2,,Null,2019/2020,RUAKURA ROAD,WAIRERE DRIVE,,Non-Injury Crash,No,2020,,East,,0,,Flat,,,,,,Dark,896002,0,0,0,2,,,0,,,,,,Waikato Region,Nil,2-way,Sealed,,0,0,,60,,On,0,0,,16,Hamilton City,Traffic Signals,,,,,0,0,Urban,0,,,Fine,Null
1878227,5821723,4425,,538102,0,,0,2,,Null,2015/2016,FRASER ST,SEVENTEENTH AVENUE,,Non-Injury Crash,No,2016,,North,,0,,Flat,,,,,,Overcast,1171000,0,0,0,2,,,0,,,,,,Bay of Plenty Region,Nil,2-way,Sealed,,0,0,,50,,Null,0,0,,23,Tauranga City,Give way,,,,,0,0,Urban,0,,,Light rain,Null
1762517,5907297,4426,,524520,0,,0,1,,South,2014/2015,MASSEY ROAD,YATES ROAD,,Minor Crash,No,2015,,North,,0,,Flat,,,,,,Dark,734603,1,0,1,2,,,0,,,,,,Auckland Region,Nil,2-way,Sealed,,0,0,,50,,On,0,0,,76,Auckland,Unknown,,,,,0,0,Urban,0,,,Light rain,Null
1762676,5912577,4427,,520500,0,,0,2,,Null,2003/2004,GREAT SOUTH ROAD,CHURCH ST,,Non-Injury Crash,No,2003,,South,,0,,Flat,,,,,,Bright sun,637300,0,0,0,2,,,0,,,,,,Auckland Region,Nil,2-way,Sealed,,0,0,,50,,Null,0,0,,76,Auckland,Traffic Signals,,,,,0,0,Urban,0,,,Fine,Null
1767346,5904885,4428,,524604,0,0,0,1,0,West,2013/2014,CAVENDISH DRIVE,GREAT SOUTH ROAD,,Non-Injury Crash,No,2013,0,West,0,0,0,Flat,0,,0,,0,Overcast,780209,0,0,0,2,0,0,0,0,0,,0,1,Auckland Region,Nil,2-way,Sealed,0,0,0,0,60,0,Off,0,0,,76,Auckland,Nil,0,0,0,0,0,0,Urban,0,0,0,Light rain,Null
1801553,5821420,4429,,527009,0,,0,2,,Null,2017/2018,GORDONTON ROAD,THOMAS ROAD,,Non-Injury Crash,No,2017,,North,,0,,Flat,,,,,,Twilight,952322,0,0,0,2,,,0,,,,,,Waikato Region,Nil,2-way,Sealed,,0,0,,80,,Off,0,0,,16,Hamilton City,Give way,,,,,0,0,Open,0,,,Fine,Null
1740654.847,5911370.5,4430,,512902,0,0,0,1,1,East,2019/2020,WEST COAST ROAD,SCENIC DRIVE,,Non-Injury Crash,No,2020,0,North,1,0,0,Hill Road,0,,0,,0,Overcast,279201,0,0,0,2,0,0,0,0,0,,0,0,Auckland Region,Nil,2-way,Sealed,0,0,0,0,70,0,None,0,0,,76,Auckland,Unknown,0,0,0,0,0,0,Urban,0,0,0,Fine,Null
1759882,5907315,4431,,524111,0,0,0,2,0,North,2003/2004,SH 20A,KIRKBRIDE ROAD,,Non-Injury Crash,Yes,2003,0,North,0,0,0,Flat,1,,0,,0,Dark,740000,0,0,0,4,0,0,0,0,0,,0,0,Auckland Region,Nil,2-way,Sealed,0,0,0,0,100,0,On,0,0,,76,Auckland,Nil,0,0,0,0,0,0,Open,0,0,0,Light rain,Null
1761427,5917671,4432,,516201,0,,0,2,,East,2005/2006,KENNY ROAD,UPLAND ROAD,,Non-Injury Crash,No,2005,,West,,0,,Hill Road,,,,,,Overcast,487600,0,0,0,2,,,0,,,,,,Auckland Region,Nil,2-way,Sealed,,0,0,,50,,Off,0,0,,76,Auckland,Nil,,,,,0,0,Urban,0,,,Heavy rain,Null
1879454,5819995,4433,,538000,0,0,0,0,0,Null,2017/2018,SH 29A,MAUNGATAPU ROAD,,Non-Injury Crash,Yes,2017,0,West,0,0,0,Flat,0,,0,,0,Bright sun,1178800,0,0,0,2,1,0,0,0,0,,0,0,Bay of Plenty Region,Nil,1-way,Sealed,0,0,0,0,50,0,Null,0,0,,23,Tauranga City,Traffic Signals,0,0,0,0,0,0,Urban,2,0,0,Fine,Null
1751925,5915485,4434,,517901,0,,0,2,,Null,2004/2005,NEW NORTH ROAD,BOLLARD AVENUE,,Non-Injury Crash,No,2004,,West,,0,,Flat,,,,,,Dark,523800,0,0,0,4,,,0,,,,,,Auckland Region,Nil,2-way,Sealed,,0,0,,50,,On,0,0,,76,Auckland,Stop,,,,,0,0,Urban,0,,,Fine,Null
1569910,5180398,4435,,591600,0,,0,1,,Null,2002/2003,ROLLESTON AVENUE,ARMAGH ST,,Serious Crash,No,2003,,South,,0,,Flat,,,,,,Bright sun,2677400,0,0,0,1,,,0,,,1,,,Canterbury Region,Nil,2-way,Sealed,,0,1,,50,,Null,0,0,,60,Christchurch City,Give way,,,,,0,0,Urban,0,,,Fine,Null
1749078.925,5427449.258,4436,,573101,0,0,0,1,0,East,2018/2019,CABLE STREET,TARANAKI STREET,,Non-Injury Crash,No,2019,0,East,0,0,0,Flat,0,,0,,0,Unknown,2135200,0,0,0,3,0,0,0,0,1,,0,0,Wellington Region,Nil,1-way,Sealed,0,0,0,0,50,0,Null,1,0,,47,Wellington City,Nil,0,0,0,0,0,0,Urban,0,0,0,Null,Null
1757569,5919359,4437,,514301,0,,0,1,,Null,2004/2005,PORT LINK SBD,GRAFTON ON SBD,,Non-Injury Crash,Yes,2005,,West,,0,,Flat,,,,,,Bright sun,440800,0,0,0,3,,,0,,,,,,Auckland Region,Nil,1-way,Sealed,,0,0,,80,,Off,0,0,,76,Auckland,Nil,,,,,1,0,Open,0,,,Fine,Null
1759265,5906548,4438,,524200,0,,0,2,,Null,2007/2008,SH 20A,KIRKBRIDE ROAD,,Non-Injury Crash,Yes,2008,,North,,0,,Flat,,,,,,Bright sun,726400,0,0,0,2,,,0,,,,,,Auckland Region,Nil,2-way,Sealed,,0,0,,50,,Null,0,0,,76,Auckland,Traffic Signals,,,,,0,0,Urban,0,,,Fine,Null
1679541.598,5403989.262,4439,,581230,0,,0,1,,Null,2019/2020,HENRY STREET,HIGH STREET,,Non-Injury Crash,No,2019,,South,,0,,Flat,,,,,,Overcast,2297500,0,0,0,2,,,0,,,,,,Marlborough Region,Nil,2-way,Sealed,,0,0,,50,,Off,1,0,,53,Marlborough District,Give way,,,,,0,0,Urban,0,,,Fine,Null
1405967,4914799,4440,,604410,0,,0,2,,Null,2003/2004,HILLSIDE ROAD,RANKEILOR ST,,Minor Crash,No,2004,,West,,0,,Flat,,,,,,Bright sun,2931600,1,0,0,2,,,0,,,,,,Otago Region,Nil,2-way,Sealed,,0,0,,50,,Null,0,0,,71,Dunedin City,Give way,,,,,0,0,Urban,0,,,Fine,Null
1751024.048,5914863.65,4441,,514402,0,0,0,2,0,North,2018/2019,GREAT NORTH RD ,LARCH STREET,,Non-Injury Crash,No,2018,0,South,0,0,0,Flat,0,,0,,0,Dark,381000,0,0,0,3,0,0,0,0,1,,0,0,Auckland Region,Nil,2-way,Sealed,0,0,0,0,50,0,On,0,0,,76,Auckland,Unknown,0,0,0,0,0,0,Urban,0,0,0,Fine,Null
1621526,5427536,4442,,583700,0,,0,1,,North,2006/2007,WAIMEA ROAD,THE RIDGEWAY,,Non-Injury Crash,No,2007,,North,,0,,Hill Road,,,,,,Bright sun,2338200,0,0,0,2,,,0,,,,,,Nelson Region,Nil,2-way,Sealed,,0,0,,70,,Null,0,0,,52,Nelson City,Nil,,,,,0,0,Urban,1,,,Fine,Null
1580781,5169830,4443,30,596600,0,,0,1,,East,2011/2012,CAMP BAY ROAD,PURAU PORT LEVY ROAD,,Minor Crash,No,2011,,North,,0,,Hill Road,,Christmas New Year,,,,Bright sun,2712102,1,0,0,1,,,0,,,,,,Canterbury Region,Nil,1-way,Unsealed,,0,0,,100,,Null,0,0,,60,Christchurch City,Unknown,,,,,0,0,Open,0,,,Fine,Null
1774908,5577862,4444,,557100,0,,0,1,,East,2002/2003,ST HILL ST,INGESTRE ST,,Non-Injury Crash,No,2003,,West,,0,,Flat,,,,,,Bright sun,1699400,0,0,0,4,,,0,,,,,,Manawatu-Wanganui Region,Nil,2-way,Sealed,,0,0,,50,,Null,0,0,,37,Whanganui District,Nil,,,,,0,0,Urban,1,,,Fine,Null
1756827,5915911,4445,,518202,0,,0,2,,North,2009/2010,MOUNT EDEN ROAD,BALMORAL ROAD,,Non-Injury Crash,No,2010,,South,,0,,Flat,,,,,,Bright sun,551700,0,0,0,5,,,0,,,,,,Auckland Region,Nil,2-way,Sealed,,0,0,,50,,Off,0,0,,76,Auckland,Traffic Signals,,,,,0,0,Urban,0,,,Fine,Null
1499160,5139165,4446,,597811,0,,0,2,,Null,2015/2016,OAK GROVE,ELIZABETH ST,,Minor Crash,No,2016,,North,,0,,Flat,,,,,,Dark,2737600,2,0,0,2,,,0,,,,,,Canterbury Region,Nil,2-way,Sealed,,0,0,,50,,On,0,0,,63,Ashburton District,Give way,,,,,0,0,Urban,0,,,Light rain,Null
1769184.335,5911507.625,4447,,523107,0,,0,2,,West,2019/2020,TI RAKAU DRIVE,JOSEPHS WAY,,Non-Injury Crash,No,2020,,East,,0,,Flat,,,,,,Overcast,711702,0,0,0,3,,,0,,,,,,Auckland Region,Nil,1-way,Sealed,,0,0,,60,,Off,0,0,,76,Auckland,Nil,,,,,0,0,Urban,0,,,Fine,Null
1716167,6051324,4448,,501802,0,0,0,1,0,East,2012/2013,PIPIWAI ROAD,DIP ROAD,,Minor Crash,No,2013,0,West,0,0,0,Hill Road,0,,0,,0,Dark,69900,1,0,0,2,0,0,0,0,0,,0,0,Northland Region,Nil,2-way,Sealed,0,0,0,0,70,0,None,0,0,,2,Whangarei District,Nil,0,0,0,1,0,0,Urban,0,0,0,Fine,Null
1756871,5921817,4449,,514101,0,,0,2,,Null,2000/2001,BRIGHAM ST,HAMER ST,,Non-Injury Crash,No,2001,,East,,0,,Flat,,,,,,Overcast,432400,0,0,0,2,,,0,,,,,,Auckland Region,Nil,2-way,Sealed,,0,0,,50,,Off,0,0,,76,Auckland,Nil,,,,,0,0,Urban,0,,,Fine,Null
1766904,5907645,4450,,523602,0,0,0,3,0,Null,2012/2013,BAIRDS ROAD,EAST TAMAKI ROAD,,Minor Crash,No,2012,0,West,0,0,0,Flat,0,,0,,0,Dark,709300,1,0,0,4,0,0,0,0,0,,0,0,Auckland Region,Nil,2-way,Sealed,0,0,0,0,50,0,On,0,0,,76,Auckland,Traffic Signals,0,0,0,0,0,0,Urban,0,1,0,Fine,Null
1404360,4916723,4451,,604120,0,0,0,1,0,West,2006/2007,CARNARVON ST,NEWPORT ST,,Non-Injury Crash,No,2006,0,East,0,0,0,Hill Road,0,,0,,0,Dark,2922700,0,0,0,2,0,0,0,0,1,,0,1,Otago Region,Nil,2-way,Sealed,0,0,0,0,50,0,On,0,0,,71,Dunedin City,Unknown,0,0,0,0,0,0,Urban,1,0,0,Fine,Null
1755689,5916138,4452,,518301,0,,0,2,,Null,1999/2000,DOMINION ROAD,WIREMU ST,,Non-Injury Crash,No,2000,,North,,0,,Flat,,,,,,Bright sun,553600,0,0,0,4,,,0,,,,,,Auckland Region,Nil,2-way,Sealed,,0,0,,50,,Off,0,0,,76,Auckland,Nil,,,,,0,0,Urban,0,,,Fine,Null
1748313.708,5427664.532,4453,,573000,0,,0,1,,Null,2019/2020,MOUNT STREET,SALAMANCA ROAD,,Non-Injury Crash,No,2020,,Null,,0,,Hill Road,,,,,,Twilight,2126900,0,0,0,1,,,0,,,,,,Wellington Region,Nil,2-way,Sealed,,0,0,,50,,Null,0,0,,47,Wellington City,Nil,,,,,1,0,Urban,0,,,Light rain,Null
1769892,5899497,4454,,523911,0,0,0,0,0,Null,2007/2008,SH 1N,TAKANINI OFF SBD,,Non-Injury Crash,Yes,2007,0,South,0,0,0,Flat,1,,0,,0,Dark,766500,0,0,0,2,0,0,0,0,0,,0,0,Auckland Region,Nil,1-way,Sealed,0,0,0,0,100,0,On,0,0,,76,Auckland,Nil,0,0,0,0,2,0,Open,0,0,0,Fine,Null
1766462,5441160,4455,,568102,0,,0,2,,Null,2004/2005,STOKES VALLEY ROAD,GEORGE ST N,,Non-Injury Crash,No,2004,,East,,0,,Flat,,,,,,Bright sun,1931200,0,0,0,2,,,0,,,,,,Wellington Region,Nil,2-way,Sealed,,0,0,,50,,Null,0,0,,46,Lower Hutt City,Give way,,,,,0,0,Urban,0,,,Fine,Null
1755044,5929206,4456,,508420,0,,0,2,,Null,2010/2011,WAIRAU ROAD,TARGET ROAD,,Minor Crash,No,2010,,East,,0,,Hill Road,,,,,,Dark,183800,1,0,0,5,,,0,,,,,,Auckland Region,Nil,2-way,Sealed,,0,0,,50,,On,0,0,,76,Auckland,Traffic Signals,,,,,0,0,Urban,0,,,Fine,Null
1750263,5423986,4457,,576901,1,,0,0,,North,2002/2003,ONEPU ROAD,COCKBURN ST,,Minor Crash,No,2003,,North,,0,,Flat,,,,,,Overcast,2178600,1,0,0,2,,,0,,,,,,Wellington Region,Nil,2-way,Sealed,,0,0,,50,,Null,0,0,,47,Wellington City,Nil,,,,,0,0,Urban,1,,,Fine,Null
1776889,5906263,4458,,525201,0,0,0,0,0,East,2001/2002,WHITFORD PARK ROAD,ARA-KOTINGA,,Non-Injury Crash,No,2002,0,East,0,0,1,Flat,0,,0,,0,Dark,761900,0,0,0,2,0,0,0,0,0,,0,0,Auckland Region,Nil,2-way,Sealed,0,0,0,0,100,0,None,0,0,,76,Auckland,Nil,0,0,0,0,0,0,Open,1,0,0,Fine,Null
1747205,5919992,4459,,512300,0,,0,2,,North,2011/2012,TE ATATU ROAD,TE ATATU ON EBD EAST,,Non-Injury Crash,No,2011,,South,,0,,Flat,,,,,,Overcast,252000,0,0,0,4,,,0,,,,,,Auckland Region,Nil,2-way,Sealed,,0,0,,50,,Null,1,0,,76,Auckland,Unknown,,,,,0,0,Urban,0,,,Light rain,Null
1933473,5620814,4460,,546400,0,0,0,0,0,North,2007/2008,AUSTIN ST,TURNER PLACE,,Serious Crash,No,2007,0,North,0,0,0,Flat,0,,0,,1,Dark,1426600,1,0,0,2,0,0,0,0,0,,0,0,Hawke's Bay Region,Nil,2-way,Sealed,0,0,1,0,50,0,On,0,0,,31,Napier City,Nil,0,0,0,0,0,0,Urban,1,0,0,Light rain,Null
1405397,4916011,4461,,602900,0,0,0,1,0,Null,2018/2019,MAITLAND ST,STAFFORD ST,,Minor Crash,No,2018,0,North,0,0,0,Hill Road,0,,0,,0,Overcast,2896100,1,0,0,2,0,0,0,0,1,,0,0,Otago Region,Nil,2-way,Sealed,0,0,0,0,50,0,Null,2,0,,71,Dunedin City,Stop,0,0,0,0,0,0,Urban,0,0,0,Light rain,Null
1665183,5429410,4462,,580446,0,0,0,1,0,East,2006/2007,QUEEN CHARLOTTE DRIVE,SH 6,,Minor Crash,No,2006,0,North,1,0,0,Hill Road,0,,0,,0,Bright sun,2286200,1,0,0,2,0,0,0,0,0,,0,0,Marlborough Region,Nil,2-way,Sealed,0,0,0,0,100,0,Null,0,0,,53,Marlborough District,Nil,0,0,0,0,0,0,Open,0,0,0,Fine,Null
1925111,5607730,4463,,548611,0,0,0,1,0,East,2017/2018,YARMOUTH ROAD,FLEETWOOD CRESCENT W,,Non-Injury Crash,No,2017,0,East,0,0,1,Flat,0,,0,,0,Dark,1473807,0,0,0,2,0,0,0,0,0,,0,0,Hawke's Bay Region,Nil,2-way,Sealed,0,0,0,0,50,0,On,0,0,,30,Hastings District,Unknown,0,0,0,0,0,0,Urban,0,0,0,Fine,Null
1445972,5044457,4464,,600500,0,,0,2,,West,2000/2001,HIGH ST,HOLMES ST,,Non-Injury Crash,No,2000,,West,,0,,Flat,,,,,,Overcast,2819400,0,0,0,2,,,0,,,,,,Canterbury Region,Nil,2-way,Sealed,,0,0,,50,,Null,0,0,,66,Waimate District,Nil,,,,,0,0,Urban,0,,,Fine,Null