X,Y,OBJECTID,advisorySpeed,areaUnitID,bicycle,bridge,bus,carStationWagon,cliffBank,crashDirectionDescription,crashFinancialYear,crashLocation1,crashLocation2,crashRoadSideRoad,crashSeverity,crashSHDescription,crashYear,debris,directionRoleDescription,ditch,fatalCount,fence,flatHill,guardRail,holiday,houseOrBuilding,intersection,kerb,light,meshblockId,minorInjuryCount,moped,motorcycle,NumberOfLanes,objectThrownOrDropped,otherObject,otherVehicleType,overBank,parkedVehicle,pedestrian,phoneBoxEtc,postOrPole,region,roadCharacter,roadLane,roadSurface,roadworks,schoolBus,seriousInjuryCount,slipOrFlood,speedLimit,strayAnimal,streetLight,suv,taxi,temporarySpeedLimit,tlaId,tlaName,trafficControl,trafficIsland,trafficSign,train,tree,truck,unknownVehicleType,urban,vanOrUtility,vehicle,waterRiver,weatherA,weatherB
1889845.184,5822545.373,4531,,536201,0,,0,1,,East,2019/2020,PAPAMOA BEACH ROAD,DOMAIN ROAD,,Non-Injury Crash,No,2020,,North,,0,,Flat,,,,,,Bright sun,1204708,0,0,0,2,,,0,,,,,,Bay of Plenty Region,Nil,2-way,Sealed,,0,0,,50,,Off,0,0,,23,Tauranga City,Nil,,,,,0,0,Urban,1,,,Fine,Null
1800176,5815721,4532,,529700,0,,0,2,,Null,2014/2015,TRISTRAM ST,ROSTREVOR ST,,Non-Injury Crash,No,2015,,South,,0,,Flat,,,,,,Dark,910000,0,0,0,2,,,0,,,,,,Waikato Region,Nil,2-way,Sealed,,0,0,,50,,On,0,1,,16,Hamilton City,Give way,,,,,0,0,Urban,0,,,Fine,Null
1570877,5181223,4533,,591700,0,0,0,2,0,South,2006/2007,MANCHESTER ST,BEALEY AVENUE,,Non-Injury Crash,No,2006,0,South,0,0,0,Flat,0,,0,,0,Overcast,2654900,0,0,0,2,0,0,0,0,1,,0,0,Canterbury Region,Nil,2-way,Sealed,0,0,0,0,50,0,Null,0,0,,60,Christchurch City,Unknown,0,0,0,0,0,0,Urban,0,0,0,Fine,Null
1756595.86,5912771.663,4534,,518701,0,,0,1,,Null,2018/2019,HILLSBROUGH ROAD,HILLSBROUGH ROAD OFF RAMP,,Non-Injury Crash,No,2018,,North,,0,,Flat,,,,,,Dark,572100,0,0,0,3,,,0,,,,,,Auckland Region,Motorway ramp,1-way,Sealed,,0,0,,50,,On,1,0,,76,Auckland,Traffic Signals,,,,,0,0,Urban,0,,,Heavy rain,Null
1682957,6030085,4535,,504502,0,0,0,0,0,West,2012/2013,SH 14,TANGOWAHINE VALLEY ROAD,,Non-Injury Crash,Yes,2012,0,West,0,0,0,Flat,0,,0,,0,Dark,120500,0,0,0,2,0,0,0,1,0,,0,0,Northland Region,Nil,2-way,Sealed,0,0,0,0,100,0,None,0,0,,3,Kaipara District,Unknown,0,0,0,0,0,0,Open,1,0,0,Heavy rain,Null
1755903,5916898,4536,,518201,0,,0,2,,South,2000/2001,DOMINION ROAD,GRANGE ROAD,,Non-Injury Crash,No,2001,,North,,0,,Flat,,,,,,Bright sun,549100,0,0,0,2,,,0,,,,,,Auckland Region,Nil,2-way,Sealed,,0,0,,50,,Off,0,0,,76,Auckland,Nil,,,,,0,0,Urban,0,,,Fine,Null
1757915,5918064,4537,,515700,0,,0,2,,North,2003/2004,SH 1N,GILLIES ON NBD,,Non-Injury Crash,Yes,2003,,North,,0,,Flat,,,,,,Twilight,443700,0,0,0,4,,,0,,,,,,Auckland Region,Nil,1-way,Sealed,,0,0,,80,,On,0,0,,76,Auckland,Nil,,,,,0,0,Open,0,,,Heavy rain,Null
1724943.717,6031011.09,4538,,501811,0,0,0,1,0,East,2020/2021,SH 1,COTTON ROAD,,Non-Injury Crash,Yes,2020,0,West,0,0,0,Flat,0,,0,,0,Dark,78601,0,0,0,2,0,0,0,0,0,,0,0,Northland Region,Nil,2-way,Sealed,0,0,0,0,100,0,None,0,0,,2,Whangarei District,Nil,0,0,0,0,0,0,Open,0,0,0,Light rain,Null
1884816,5773400,4539,,540420,0,0,0,0,0,East,2008/2009,VICTORIA ST,RANOLF ST,,Non-Injury Crash,No,2008,0,West,0,0,0,Flat,0,,0,,0,Bright sun,1236900,0,0,0,2,0,0,0,0,1,,0,0,Bay of Plenty Region,Nil,2-way,Sealed,0,0,0,0,50,0,Null,0,0,,24,Rotorua District,Unknown,0,0,0,0,1,0,Urban,1,0,0,Fine,Null
1766286,5900696,4540,,524713,0,,0,2,,Null,2016/2017,WORDSWORTH ROAD,PALLANT ST,,Minor Crash,No,2016,,East,,0,,Flat,,,,,,Dark,775817,1,0,0,2,,,0,,,,,,Auckland Region,Nil,2-way,Sealed,,0,0,,50,,On,0,0,,76,Auckland,Give way,,,,,0,0,Urban,0,,,Fine,Null
1773842,5472664,4541,,563706,0,,0,2,,Null,2000/2001,TE MOANA ROAD,MARAE LANE,,Non-Injury Crash,No,2000,,West,,0,,Hill Road,,,,,,Bright sun,1875700,0,0,0,3,,,0,,,,,,Wellington Region,Nil,2-way,Sealed,,0,0,,50,,Null,0,0,,43,Kapiti Coast District,Give way,,,,,0,0,Urban,0,,,Fine,Null
1761129,5914983,4542,,520201,0,,0,1,,North,2017/2018,ROBERT ST,FINDLAY ST,,Minor Crash,No,2017,,North,,0,,Flat,,,,,,Bright sun,610900,1,0,0,2,,,0,,,1,,,Auckland Region,Nil,2-way,Sealed,,0,0,,50,,Null,0,0,,76,Auckland,Unknown,,,,,0,0,Urban,0,,,Fine,Null
1756413,5918718,4543,,515600,0,,0,2,,South,2009/2010,IAN MCKINNON DRIVE,PIWAKAWAKA ST,,Non-Injury Crash,No,2010,,North,,0,,Hill Road,,,,,,Dark,420100,0,0,0,4,,,0,,,,,,Auckland Region,Nil,2-way,Sealed,,0,0,,70,,On,0,0,,76,Auckland,Nil,,,,,0,0,Urban,0,,,Fine,Null
1929929,5604687,4544,,548200,0,0,0,2,0,North,2006/2007,WARREN ST SOUTH,HERETAUNGA ST EAST,,Non-Injury Crash,No,2006,0,North,0,0,0,Flat,0,,0,,0,Dark,1493200,0,0,0,2,0,0,0,0,1,,0,0,Hawke's Bay Region,Nil,2-way,Sealed,0,0,0,0,50,0,On,0,0,,30,Hastings District,Nil,0,0,0,0,0,0,Urban,0,0,0,Fine,Null
1799037.549,5814562.773,4545,,529000,0,,0,2,,North,2019/2020,GREENWOOD STREET,KILLARNEY ROAD,,Non-Injury Crash,Yes,2019,,South,,0,,Flat,,,,,,Bright sun,918400,0,0,0,4,,,0,,,,,,Waikato Region,Nil,2-way,Sealed,,0,0,,60,,Off,1,0,,16,Hamilton City,Nil,,,,,0,0,Urban,0,,,Fine,Null
1754464,5932172,4546,,508805,0,0,0,1,0,South,2013/2014,APOLLO DRIVE,ANTARES PLACE,,Non-Injury Crash,No,2014,0,South,0,0,0,Flat,0,,0,,0,Dark,180813,0,0,0,2,0,0,0,0,1,,0,0,Auckland Region,Nil,2-way,Sealed,0,0,0,0,50,0,On,1,0,,76,Auckland,Nil,0,0,0,0,0,0,Urban,0,0,0,Fine,Null
1406966,4917442,4547,,603602,0,0,0,2,0,Null,2005/2006,FREDERICK ST,LEITH ST,,Non-Injury Crash,No,2006,0,West,0,0,1,Flat,0,,0,,0,Overcast,2868700,0,0,0,2,0,0,0,0,0,,0,0,Otago Region,Nil,2-way,Sealed,0,0,0,0,50,0,Null,0,0,,71,Dunedin City,Stop,0,0,0,0,0,0,Urban,0,0,0,Fine,Null
1324004,5159963,4548,,585324,0,0,0,1,0,South,2015/2016,SH 6,MAHITAHI RIV BR,,Non-Injury Crash,Yes,2016,0,North,1,0,0,Flat,0,,0,,0,Dark,2417100,0,0,0,2,0,0,0,0,0,,0,0,West Coast Region,Nil,2-way,Sealed,0,0,0,0,100,0,None,0,0,,57,Westland District,Unknown,0,0,0,0,0,0,Open,0,0,0,Light rain,Null
1719945,6045413,4549,,503100,0,,0,1,,Null,2010/2011,REYBURN ST,HEREKINO ST,,Minor Crash,No,2010,,South,,0,,Flat,,,,,,Overcast,99904,1,0,0,4,,,0,,,,,,Northland Region,Nil,2-way,Sealed,,0,0,,50,,Off,0,0,,2,Whangarei District,Give way,,,,,0,0,Urban,1,,,Fine,Null
1319888,4988733,4550,35,608302,0,0,0,1,0,Null,2018/2019,SH 85,SPRINGVALE ROAD,,Non-Injury Crash,Yes,2018,0,North,0,0,0,Flat,0,,0,,0,Bright sun,3021400,0,0,0,2,0,1,0,0,0,,0,0,Otago Region,Nil,2-way,Sealed,0,0,0,0,100,0,Null,0,0,,69,Central Otago District,Give way,0,1,0,0,0,0,Open,0,0,0,Fine,Null
1571371,5179880,4551,,591500,1,,0,1,,South,2011/2012,BARBADOES ST,CASHEL ST,,Minor Crash,No,2012,,North,,0,,Flat,,,,,,Bright sun,2650000,1,0,0,2,,,0,,,,,,Canterbury Region,Nil,1-way,Sealed,,0,0,,50,,Null,0,0,,60,Christchurch City,Nil,,,,,0,0,Urban,0,,,Fine,Null
1790821,5763837,4552,,531731,0,,0,1,,Null,2006/2007,SH 3,SH 37,,Non-Injury Crash,Yes,2006,,North,,0,,Flat,,,,,,Overcast,1020201,0,0,0,3,,,0,,,,,,Waikato Region,Nil,2-way,Sealed,,0,0,,100,,Null,0,0,,20,Waitomo District,Nil,,,,,0,0,Open,1,,,Light rain,Null
1749083,5428834,4553,,572900,0,,0,2,,Null,2008/2009,THORNDON QUAY,MULGRAVE ST,,Serious Crash,No,2009,,North,,0,,Hill Road,,,,,,Dark,2122800,3,0,0,2,,,0,,,,,,Wellington Region,Nil,2-way,Sealed,,0,1,,50,,On,0,0,,47,Wellington City,Traffic Signals,,,,,0,0,Urban,0,,,Light rain,Null
1758971,5920416,4554,,515902,0,,0,1,,Null,2009/2010,SH 16,GLADSTONE ROAD,,Minor Crash,Yes,2009,,South,,0,,Hill Road,,,,,,Dark,453200,1,0,1,4,,,0,,,,,,Auckland Region,Nil,2-way,Sealed,,0,0,,50,,On,0,0,,76,Auckland,Stop,,,,,0,0,Urban,0,,,Light rain,Null
1822014,5851781,4555,,534603,0,0,0,1,1,South,2011/2012,SH 27,HART ROAD,,Non-Injury Crash,Yes,2012,0,North,0,0,0,Flat,0,,0,,0,Dark,1094102,0,0,0,2,0,0,0,0,0,,0,0,Waikato Region,Nil,2-way,Sealed,0,0,0,0,100,0,None,0,0,,15,Matamata-Piako District,Unknown,0,0,0,0,0,0,Open,0,0,0,Fine,Null
1243140,4850192,4556,,611210,0,,0,2,,Null,2007/2008,LEET ST,JED ST,,Non-Injury Crash,No,2008,,North,,0,,Flat,,,,,,Bright sun,3106300,0,0,0,2,,,0,,,,,,Southland Region,Nil,2-way,Sealed,,0,0,,50,,Null,0,0,,75,Invercargill City,Give way,,,,,0,0,Urban,0,,,Fine,Null
1753244,5933092,4557,,508701,0,,0,2,,North,2016/2017,ALBANY EXPRESSWAY,GREVILLE ROAD,,Non-Injury Crash,No,2016,,East,,0,,Hill Road,,,,,,Bright sun,178900,0,0,0,6,,,0,,,,,,Auckland Region,Nil,2-way,Sealed,,0,0,,80,,Null,0,0,,76,Auckland,Unknown,,,,,0,0,Open,0,,,Fine,Null
1769466,5902085,4558,,524901,0,,0,1,,North,2010/2011,SH 1N,HILL OBR,,Non-Injury Crash,Yes,2011,,North,,0,,Flat,,,,,,Overcast,755600,0,0,0,3,,,0,,,,,,Auckland Region,Nil,2-way,Sealed,,0,0,,100,,Null,1,0,,76,Auckland,Unknown,,,,,0,0,Open,1,,,Fine,Null
1789978,5854157,4559,,527210,0,,0,2,,South,2001/2002,SH 1N,TE ONETEA STM BR,,Serious Crash,Yes,2001,,North,,0,,Flat,,,,,,Bright sun,939000,0,0,0,2,,,0,,,,,,Waikato Region,Nil,2-way,Sealed,,0,1,,100,,None,0,0,,13,Waikato District,Nil,,,,,0,0,Open,0,,,Fine,Null
1800267,5693544,4560,,532904,0,,0,0,,Null,2015/2016,SH 4,RACECOURSE ROAD,,Non-Injury Crash,Yes,2016,,West,,0,,Flat,,,,,,Bright sun,1038000,0,0,0,2,,,0,,,,,,Manawatu-Wanganui Region,Nil,2-way,Sealed,,0,0,,100,,Null,2,0,,36,Ruapehu District,Give way,,,,,0,0,Open,0,,,Fine,Null
1570138,5179021,4561,,594600,0,,0,1,,West,2003/2004,HAZELDEAN ROAD,MONTREAL ST,,Minor Crash,No,2003,,West,,0,,Flat,,,,,,Dark,2616000,1,0,0,2,,,0,,,1,,,Canterbury Region,Nil,2-way,Sealed,,0,0,,50,,On,0,0,,60,Christchurch City,Unknown,,,,,0,0,Urban,0,,,Fine,Null
1576130,5181833,4562,,593800,0,,0,1,,Null,2013/2014,PAGES ROAD,FIR TREE LANE,,Serious Crash,No,2014,,West,,0,,Flat,,,,,,Bright sun,2571600,1,0,0,2,,,0,,,,,,Canterbury Region,Nil,2-way,Sealed,,0,1,,50,,Off,0,0,,60,Christchurch City,Nil,,,,,0,0,Urban,1,,,Fine,Null
1576025,5181774,4563,,593100,0,0,0,2,0,North,2009/2010,PAGES ROAD,BREEZES ROAD,,Minor Crash,No,2009,0,East,0,0,0,Flat,0,,1,,0,Bright sun,2575900,1,0,0,1,0,0,0,0,0,,0,0,Canterbury Region,Nil,2-way,Sealed,0,0,0,0,50,0,Null,0,0,,60,Christchurch City,Nil,0,0,0,0,0,0,Urban,0,0,0,Fine,Null
1793217.137,5499115.199,4564,,564232,0,0,0,1,0,North,2020/2021,HINEMOA STREET,KINROSS STREET,,Non-Injury Crash,No,2020,0,South,0,0,1,Flat,0,,0,,0,Dark,1872706,0,0,0,2,0,0,0,0,0,,0,0,Manawatu-Wanganui Region,Nil,2-way,Sealed,0,0,0,0,50,0,On,0,0,,42,Horowhenua District,Unknown,0,0,0,0,0,0,Urban,0,0,0,Fine,Null
1748301,5919099,4565,,514801,0,,0,2,,West,2001/2002,SH 16,PATIKI OBR,,Non-Injury Crash,Yes,2002,,West,,0,,Flat,,,,,,Overcast,389300,0,0,0,6,,,0,,,,,,Auckland Region,Nil,2-way,Sealed,,0,0,,100,,Off,0,0,,76,Auckland,Nil,,,,,0,0,Open,0,,,Fine,Null
1800127,5815436,4566,,528900,0,,0,2,,North,2015/2016,SEDDON ROAD,SOMERSET ST,,Non-Injury Crash,No,2016,,South,,0,,Flat,,,,,,Overcast,914000,0,0,0,2,,,0,,,,,,Waikato Region,Nil,2-way,Sealed,,0,0,,50,,Null,0,0,,16,Hamilton City,Unknown,,,,,0,0,Urban,0,,,Light rain,Null
1760456,5915665,4567,,516003,0,,0,3,,South,2001/2002,SH 1N,GREENLANE OFF NBD,,Non-Injury Crash,Yes,2002,,North,,0,,Flat,,,,,,Bright sun,494902,0,0,0,4,,,0,,,,,,Auckland Region,Nil,1-way,Sealed,,0,0,,100,,Off,0,0,,76,Auckland,Nil,,,,,0,0,Open,0,,,Fine,Null
1754030,5931358,4568,,508803,0,,0,2,,Null,2015/2016,UPPER HWY OFF NBD,SH 18,,Minor Crash,Yes,2015,,North,,0,,Hill Road,,,,,,Bright sun,180818,1,0,0,4,,,0,,,,,,Auckland Region,Motorway ramp,2-way,Sealed,,0,0,,80,,Null,0,0,,76,Auckland,Give way,,,,,0,0,Open,0,,,Fine,Null
1866124,5697464,4569,,541346,0,,0,2,,South,2003/2004,SH 1N,ROTONGAIO ROAD,,Fatal Crash,Yes,2003,,North,,3,,Flat,,,,,,Bright sun,1280302,1,0,0,2,,,0,,,,,,Waikato Region,Nil,2-way,Sealed,,0,0,,100,,None,0,0,,21,Taupo District,Nil,,,,,0,0,Open,0,,,Fine,Null
1834457,5884773,4570,55,533603,0,0,0,0,1,North,2016/2017,SH 25A,KIRIKIRI STM BR NO2,,Minor Crash,Yes,2017,0,South,0,0,0,Hill Road,0,,0,,0,Overcast,1057304,1,0,0,2,0,0,0,0,0,,0,0,Waikato Region,Nil,2-way,Sealed,0,0,0,0,100,0,Null,1,0,,11,Thames-Coromandel District,Unknown,0,0,0,0,0,0,Open,0,0,0,Light rain,Null
1935656,5620489,4571,,546600,0,,0,2,,Null,2007/2008,KENNEDY ROAD,DOUGLAS MCLEAN AVENUE,,Non-Injury Crash,No,2007,,North,,0,,Flat,,,,,,Twilight,1435800,0,0,0,2,,,0,,,,,,Hawke's Bay Region,Nil,2-way,Sealed,,0,0,,50,,On,0,0,,31,Napier City,Stop,,,,,0,0,Urban,0,,,Fine,Null
1775966.491,5882042.679,4572,,521160,0,0,0,1,1,North,2019/2020,BOMBAY OFF RAMP,Mill road,,Non-Injury Crash,No,2019,0,South,0,0,0,Hill Road,0,,0,,0,Dark,827604,0,0,0,1,0,0,0,0,0,,0,0,Auckland Region,Motorway ramp,1-way,Sealed,0,0,0,0,70,0,On,0,0,,76,Auckland,Nil,0,0,0,0,0,0,Urban,0,0,0,Fine,Null
1744751,5932719,4573,,506653,0,0,0,1,1,Null,2007/2008,COATESVILLE-RIVERHEAD HIG,WAKE ROAD,,Non-Injury Crash,No,2008,0,South,0,0,0,Hill Road,0,,0,,0,Overcast,217201,0,0,0,2,0,0,0,0,0,,0,0,Auckland Region,Nil,2-way,Sealed,0,0,0,0,80,0,Off,0,0,,76,Auckland,Nil,0,0,0,0,0,0,Open,0,0,0,Light rain,Null
2045333,5709119,4574,,544001,0,0,0,1,0,West,2006/2007,SH 35,MAKORORI BEACH ROAD,,Minor Crash,Yes,2007,0,East,0,0,0,Flat,0,,0,,0,Bright sun,1359400,1,0,0,2,0,0,0,0,0,,0,0,Gisborne Region,Nil,2-way,Sealed,0,0,0,0,100,0,Null,0,0,,28,Gisborne District,Nil,0,0,0,0,0,0,Open,0,0,0,Fine,Null
1406175.431,4916767.234,4575,,603000,0,0,0,1,0,West,2019/2020,MORAY PLACE,PRINCES STREET,,Non-Injury Crash,No,2019,0,West,0,0,0,Hill Road,0,,0,,0,Bright sun,2900000,0,0,0,2,0,0,0,0,1,,0,0,Otago Region,Nil,2-way,Sealed,0,0,0,0,50,0,Off,0,0,,71,Dunedin City,Nil,0,0,0,0,0,0,Urban,1,0,0,Fine,Null
1745279,5919509,4576,,513301,0,,0,2,,North,2015/2016,LINCOLN ROAD,POINSETTIA PLACE,,Minor Crash,No,2016,,North,,0,,Flat,,,,,,Overcast,232001,1,0,0,5,,,0,,,,,,Auckland Region,Nil,2-way,Sealed,,0,0,,50,,Null,0,0,,76,Auckland,Nil,,,,,0,0,Urban,0,,,Fine,Null
1569417,5182256,4577,,592200,1,0,0,0,0,South,2012/2013,PAPANUI ROAD,AIKMANS ROAD,,Serious Crash,No,2012,0,North,0,0,0,Flat,0,,0,,0,Bright sun,2674101,0,0,0,4,0,0,0,0,1,,0,0,Canterbury Region,Nil,2-way,Sealed,0,0,1,0,50,0,Null,1,0,,60,Christchurch City,Unknown,0,0,0,0,0,0,Urban,0,0,0,Fine,Null
1929509,5608835,4578,45,545710,0,0,0,1,0,Null,2017/2018,SH 50A,EVENDEN ROAD,,Non-Injury Crash,Yes,2018,0,South,0,0,1,Flat,0,Queens Birthday,0,,0,Dark,1471100,0,0,0,4,0,0,0,0,0,,0,1,Hawke's Bay Region,Nil,2-way,Sealed,0,0,0,0,50,0,On,0,0,,30,Hastings District,Give way,0,1,0,0,0,0,Urban,0,0,0,Light rain,Strong wind
1950362.337,5790085.263,4579,,542440,0,0,0,1,1,North,2018/2019,DOUGLAS STREET,OLYMPIC DRIVE,,Non-Injury Crash,No,2018,0,South,0,0,1,Flat,0,,0,,0,Overcast,1308702,0,0,0,2,0,0,0,0,0,,0,0,Bay of Plenty Region,Nil,2-way,Sealed,0,0,0,0,50,0,Off,0,0,,25,Whakatane District,Unknown,0,0,0,0,0,0,Urban,0,0,0,Heavy rain,Null
1867670.984,5713927.013,4580,,541720,0,,0,1,,East,2019/2020,SPA ROAD,OPEPE STREET,,Minor Crash,No,2019,,East,,0,,Flat,,,,,,Overcast,1273600,1,0,0,2,,,0,,,1,,,Waikato Region,Nil,2-way,Sealed,,0,0,,50,,Off,0,0,,21,Taupo District,Unknown,,,,,0,0,Urban,0,,,Light rain,Null
1766275,5899904,4581,,524713,0,,0,3,,North,2013/2014,ROSCOMMON ROAD,WEYMOUTH ROAD,,Non-Injury Crash,No,2014,,South,,0,,Flat,,,,,,Bright sun,775823,0,0,0,2,,,0,,,,,,Auckland Region,Nil,2-way,Sealed,,0,0,,50,,Off,0,0,,76,Auckland,Nil,,,,,0,0,Urban,0,,,Fine,Null
1571387,5181535,4582,,592600,0,,0,1,,Null,2001/2002,PURCHAS ST,BARBADOES ST,,Non-Injury Crash,No,2001,,East,,0,,Flat,,,,,,Dark,2694300,0,0,0,2,,,0,,,,,,Canterbury Region,Nil,2-way,Sealed,,0,0,,50,,On,0,0,,60,Christchurch City,Stop,,,,,0,0,Urban,1,,,Heavy rain,Null
1773099,5898396,4583,,523912,0,0,0,1,0,West,2001/2002,WALTERS ROAD,GROVE ROAD,,Minor Crash,No,2002,0,East,1,0,0,Flat,0,,0,,0,Dark,765600,1,0,0,2,0,0,0,0,0,,0,0,Auckland Region,Nil,2-way,Sealed,0,0,0,0,70,0,On,0,0,,76,Auckland,Nil,0,0,0,0,0,0,Urban,0,0,0,Fine,Null
1532625,5312730,4584,,584703,0,,0,2,,South,2016/2017,SH 7,SH 65,,Non-Injury Crash,Yes,2017,,North,,0,,Flat,,,,,,Bright sun,2398300,0,0,0,2,,,0,,,,,,West Coast Region,Nil,2-way,Sealed,,0,0,,70,,Null,0,0,,55,Buller District,Unknown,,,,,0,0,Urban,0,,,Fine,Null
1572930,5202613,4585,,586129,0,,0,1,,Null,2009/2010,SH 1S,RANGIORA WOODEND ROAD,,Non-Injury Crash,Yes,2009,,North,,0,,Flat,,,,,,Bright sun,2449503,0,0,0,2,,,0,,,,,,Canterbury Region,Nil,2-way,Sealed,,0,0,,50,,Null,0,0,,59,Waimakariri District,Stop,,,,,0,0,Urban,1,,,Fine,Null
1761587,5867788,4586,,526701,0,,0,1,,West,2000/2001,TUAKAU BRIDGE-PORT WAIKAT,HULL ROAD,,Non-Injury Crash,No,2001,,East,,0,,Flat,,,,,,Bright sun,845700,0,0,0,2,,,0,,,,,,Waikato Region,Nil,2-way,Unsealed,,0,0,,100,,Off,0,0,,13,Waikato District,Nil,,,,,0,0,Open,1,,,Fine,Null
1749370,5427055,4587,,573101,0,,0,1,,South,2004/2005,KENT TERRACE,COURTENAY PLACE,,Non-Injury Crash,No,2004,,South,,0,,Flat,,,,,,Bright sun,2135700,0,0,0,4,,,0,,,,,,Wellington Region,Nil,1-way,Sealed,,0,0,,50,,Null,0,0,,47,Wellington City,Traffic Signals,,,,,1,0,Urban,0,,,Fine,Null
1757958,5914849,4588,,515802,0,,0,2,,West,2004/2005,EMPIRE ROAD,MANUKAU ROAD,,Non-Injury Crash,No,2005,,North,,0,,Flat,,Easter,,,,Bright sun,449300,0,0,0,2,,,0,,,,,,Auckland Region,Nil,2-way,Sealed,,0,0,,50,,None,0,0,,76,Auckland,Nil,,,,,0,0,Urban,0,,,Fine,Null
1755873,5921141,4589,,515202,0,,0,1,,West,2007/2008,SH 1N,FANSHAWE OFF SBD,,Non-Injury Crash,Yes,2007,,South,,0,,Flat,,,,,,Overcast,425600,0,0,0,4,,,0,,,,,,Auckland Region,Nil,1-way,Sealed,,0,0,,80,,Off,1,0,,76,Auckland,Nil,,,,,0,0,Open,0,,,Light rain,Null
1766598.486,5913016.474,4590,,522910,0,,0,0,,Null,2019/2020,TI RAKAU DRIVE,AYLESBURY STREET,,Non-Injury Crash,No,2020,,South,,0,,Null,,,,,,Bright sun,684000,0,0,1,3,,,0,,,,,,Auckland Region,Nil,1-way,Sealed,,0,0,,50,,Null,0,0,,76,Auckland,Nil,,,,,0,0,Urban,0,,,Fine,Null
1719983,6046581,4591,,502800,0,0,0,1,0,North,2000/2001,HATEA DRIVE,DENT ST,,Non-Injury Crash,No,2000,0,North,0,0,0,Flat,0,,0,,0,Bright sun,97100,0,0,0,2,0,0,0,0,0,,0,1,Northland Region,Nil,2-way,Sealed,0,0,0,0,50,0,Off,0,0,,2,Whangarei District,Nil,0,0,0,0,0,0,Urban,0,0,0,Fine,Null
1356664,4891995,4592,,606700,0,,0,2,,South,2003/2004,SH 8,PERRY ROAD,,Fatal Crash,Yes,2003,,North,,2,,Flat,,,,,,Overcast,2982300,1,0,0,2,,,0,,,,,,Otago Region,Nil,2-way,Sealed,,0,0,,100,,Null,0,0,,72,Clutha District,Unknown,,,,,0,0,Open,0,,,Fine,Null
1755186,5935919,4593,,507101,0,0,0,2,0,West,2007/2008,CARLISLE ROAD,FINCHLEY ROAD,,Non-Injury Crash,No,2008,0,West,0,0,0,Flat,0,,0,,0,Overcast,159201,0,0,0,2,0,0,0,0,0,,0,0,Auckland Region,Nil,2-way,Sealed,0,0,0,0,50,0,Null,0,0,,76,Auckland,Nil,0,0,0,0,0,0,Urban,0,1,0,Fine,Null
1931772,5616284,4594,,547300,0,,0,1,,Null,2008/2009,MEEANEE ROAD,MEEANEE OFF NBD,,Non-Injury Crash,Yes,2008,,North,,0,,Flat,,,,,,Bright sun,1402510,0,0,0,2,,,0,,,,,,Hawke's Bay Region,Nil,2-way,Sealed,,0,0,,50,,Null,0,0,,31,Napier City,Give way,,,,,1,0,Urban,0,,,Fine,Null
1755777,5916443,4595,,518201,0,,0,2,,Null,2013/2014,DOMINION ROAD,DEXTER AVENUE,,Non-Injury Crash,No,2014,,South,,0,,Flat,,,,,,Overcast,552900,0,0,0,2,,,0,,,,,,Auckland Region,Nil,2-way,Sealed,,0,0,,50,,Null,0,0,,76,Auckland,Stop,,,,,0,0,Urban,0,,,Fine,Null
1761133,5447012,4596,,565603,0,0,0,0,0,North,2000/2001,SH 58,BRADEY ROAD,,Minor Crash,Yes,2000,0,West,0,0,0,Flat,0,,0,,0,Dark,2072525,1,0,0,2,0,0,0,0,0,,0,0,Wellington Region,Nil,2-way,Sealed,0,0,0,0,100,0,None,0,0,,44,Porirua City,Nil,0,0,0,0,0,0,Open,1,0,0,Fine,Null
1761228,5912428,4597,,519500,0,,0,2,,North,2000/2001,MAURICE ROAD,CHURCH ST,,Non-Injury Crash,No,2001,,South,,0,,Hill Road,,,,,,Bright sun,621900,0,0,0,2,,,0,,,,,,Auckland Region,Nil,2-way,Sealed,,0,0,,50,,Off,0,0,,76,Auckland,Stop,,,,,0,0,Urban,0,,,Fine,Null
1913224,5587109,4598,,545851,0,0,0,1,0,South,2007/2008,SH 2,WAIKAREAO ROAD,,Non-Injury Crash,Yes,2007,0,North,0,0,1,Hill Road,0,,0,,0,Dark,1464600,0,0,0,3,0,0,0,1,0,,0,0,Hawke's Bay Region,Nil,2-way,Sealed,0,0,0,0,100,0,None,0,0,,30,Hastings District,Nil,0,0,0,0,0,0,Open,0,0,0,Fine,Null