X,Y,OBJECTID,advisorySpeed,areaUnitID,bicycle,bridge,bus,carStationWagon,cliffBank,crashDirectionDescription,crashFinancialYear,crashLocation1,crashLocation2,crashRoadSideRoad,crashSeverity,crashSHDescription,crashYear,debris,directionRoleDescription,ditch,fatalCount,fence,flatHill,guardRail,holiday,houseOrBuilding,intersection,kerb,light,meshblockId,minorInjuryCount,moped,motorcycle,NumberOfLanes,objectThrownOrDropped,otherObject,otherVehicleType,overBank,parkedVehicle,pedestrian,phoneBoxEtc,postOrPole,region,roadCharacter,roadLane,roadSurface,roadworks,schoolBus,seriousInjuryCount,slipOrFlood,speedLimit,strayAnimal,streetLight,suv,taxi,temporarySpeedLimit,tlaId,tlaName,trafficControl,trafficIsland,trafficSign,train,tree,truck,unknownVehicleType,urban,vanOrUtility,vehicle,waterRiver,weatherA,weatherB
1868866.597,5711855.853,4599,,541740,0,0,0,3,0,Null,2019/2020,ROKINO ROAD,Null,,Non-Injury Crash,No,2019,0,North,0,0,0,Hill Road,0,,0,,0,Overcast,1267703,0,0,0,2,0,0,0,0,1,,0,0,Waikato Region,Nil,2-way,Sealed,0,0,0,0,50,0,Off,0,0,,21,Taupo District,Nil,0,0,0,0,0,0,Urban,0,0,0,Light rain,Null
1609296,5419034,4600,,581822,0,0,0,1,1,South,2008/2009,SH 6,ELLIS ST,,Minor Crash,Yes,2009,0,South,0,0,0,Flat,0,,0,,0,Dark,2355601,2,0,0,2,0,0,0,0,0,,0,0,Tasman Region,Nil,2-way,Sealed,0,0,0,0,80,0,On,0,0,,51,Tasman District,Nil,0,0,0,0,0,0,Open,0,0,0,Fine,Null
1403996,4912912,4601,,604500,0,0,0,2,0,South,2015/2016,BRUNTSFIELD PLACE,MIDDLETON ROAD,,Non-Injury Crash,No,2016,0,East,0,0,0,Flat,0,,0,,0,Bright sun,2923300,0,0,0,2,0,0,0,0,1,,0,0,Otago Region,Nil,2-way,Sealed,0,0,0,0,50,0,Off,0,0,,71,Dunedin City,Nil,0,0,0,0,0,0,Urban,0,0,0,Fine,Null
2037344,5708261,4602,,544600,0,,0,1,,West,2005/2006,GLADSTONE ROAD,PEEL ST,,Non-Injury Crash,No,2005,,East,,0,,Flat,,,,,,Overcast,1371100,0,0,0,2,,,0,,,,,,Gisborne Region,Nil,2-way,Sealed,,0,0,,50,,Null,0,0,,28,Gisborne District,Nil,,,,,0,0,Urban,1,,,Fine,Null
1768804,5910539,4603,,523112,0,,0,1,,Null,2014/2015,HARRIS ROAD,NEALES ROAD,,Minor Crash,No,2014,,North,,0,,Flat,,,,,,Overcast,711500,1,0,1,4,,,0,,,,,,Auckland Region,Nil,2-way,Sealed,,0,0,,60,,Null,0,0,,76,Auckland,Give way,,,,,0,0,Urban,0,,,Fine,Null
1752867,5914959,4604,,517902,0,,0,2,,Null,2015/2016,HENDON AVENUE,BARRYMORE ROAD,,Non-Injury Crash,No,2015,,West,,0,,Flat,,,,,,Bright sun,518900,0,0,0,2,,,0,,,,,,Auckland Region,Nil,2-way,Sealed,,0,0,,50,,Null,0,0,,76,Auckland,Nil,,,,,0,0,Urban,0,,,Fine,Null
1932437,5601922,4605,,548831,0,,0,2,,South,2017/2018,HAVELOCK ROAD,KARANEMA DRIVE,,Non-Injury Crash,No,2018,,North,,0,,Flat,,Easter,,,,Bright sun,1509600,0,0,0,2,,,0,,,,,,Hawke's Bay Region,Nil,2-way,Sealed,,0,0,,50,,Null,0,0,,30,Hastings District,Nil,,,,,0,0,Urban,0,,,Fine,Null
1890104,5775249,4606,,538742,0,,0,2,,Null,2010/2011,SH 30,ROBINSON AVENUE,,Non-Injury Crash,Yes,2011,,North,,0,,Flat,,,,,,Overcast,1256700,0,0,0,2,,,0,,,,,,Bay of Plenty Region,Nil,2-way,Sealed,,0,0,,70,,Null,0,0,,24,Rotorua District,Give way,,,,,0,0,Urban,0,,,Fine,Null
1757939,5919045,4607,,515902,0,0,0,1,0,South,2005/2006,GRANDSTAND ROAD NORTH,KIOSK ROAD,,Non-Injury Crash,No,2006,0,North,0,0,0,Flat,0,,0,,0,Overcast,451400,0,0,0,2,0,0,0,0,1,,0,0,Auckland Region,Nil,2-way,Sealed,0,0,0,0,30,0,Null,1,0,,76,Auckland,Unknown,0,0,0,0,0,0,Urban,0,0,0,Light rain,Null
1755328,5914847,4608,,518500,0,,0,2,,Null,2001/2002,DOMINION ROAD,DUKE ST,,Minor Crash,No,2001,,South,,0,,Flat,,,,,,Bright sun,560200,1,0,0,2,,,0,,,,,,Auckland Region,Nil,2-way,Sealed,,0,0,,50,,Off,0,0,,76,Auckland,Stop,,,,,0,0,Urban,0,,,Fine,Null
1752292,5435097,4609,,573901,0,,0,2,,Null,2008/2009,STEWART DRIVE,FITZPATRICK ST,,Minor Crash,No,2009,,East,,0,,Flat,,,,,,Overcast,2074202,3,0,0,2,,,0,,,,,,Wellington Region,Nil,2-way,Sealed,,0,0,,50,,Null,0,0,,47,Wellington City,Give way,,,,,0,0,Urban,0,,,Fine,Null
1801553,5821420,4610,,527009,0,0,0,2,0,Null,2007/2008,THOMAS ROAD,GORDONTON ROAD,,Non-Injury Crash,No,2007,0,North,0,0,0,Flat,0,,0,,0,Overcast,952322,0,0,0,2,0,0,0,0,0,,0,0,Waikato Region,Nil,2-way,Sealed,0,0,0,0,80,0,Off,0,0,,16,Hamilton City,Give way,1,0,0,0,0,0,Open,0,0,0,Light rain,Null
1892947,5740109,4611,,538841,0,1,0,1,0,South,2006/2007,LONGVIEW ROAD,BIRCH ROAD,,Minor Crash,No,2006,0,South,0,0,1,Flat,0,,0,,0,Bright sun,1260800,1,0,0,1,0,0,0,0,0,,0,0,Waikato Region,Bridge,1-way,Sealed,0,0,0,0,100,0,None,0,0,,24,Rotorua District,Give way,0,0,0,0,0,0,Open,0,0,0,Fine,Null
1826359,5797994,4612,,535241,0,,0,2,,North,2008/2009,SH 1N,FERGUSSON GULLY ROAD,,Minor Crash,Yes,2008,,North,,0,,Flat,,,,,,Bright sun,1123000,2,0,1,2,,,0,,,,,,Waikato Region,Nil,2-way,Sealed,,0,0,,100,,Off,0,0,,17,Waipa District,Nil,,,,,0,0,Open,0,,,Fine,Null
1759432,5914176,4613,,519300,0,,0,2,,South,2001/2002,CAMPBELL ROAD,RAWHITI ROAD,,Non-Injury Crash,No,2001,,South,,0,,Flat,,,,,,Bright sun,623400,0,0,0,2,,,0,,,,,,Auckland Region,Nil,2-way,Sealed,,0,0,,50,,None,0,0,,76,Auckland,Nil,,,,,0,0,Urban,0,,,Fine,Null
1878279,5822643,4614,,538101,0,,0,2,,South,2017/2018,CAMERON ROAD,THIRTEENTH AVENUE,,Non-Injury Crash,No,2017,,North,,0,,Flat,,,,,,Bright sun,1167602,0,0,0,2,,,0,,,,,,Bay of Plenty Region,Nil,1-way,Sealed,,0,0,,50,,Null,0,0,,23,Tauranga City,Unknown,,,,,0,0,Urban,0,,,Fine,Null
1817444,5532548,4615,,561901,0,0,0,2,0,Null,2004/2005,KAIRANGA BUNNYTHORPE ROAD,GILLESPIES LINE,,Non-Injury Crash,No,2005,0,East,1,0,0,Flat,1,,0,,0,Bright sun,1795400,0,0,0,2,0,0,0,0,0,,0,0,Manawatu-Wanganui Region,Nil,2-way,Sealed,0,0,0,0,100,0,Null,0,0,,39,Manawatu District,Stop,0,0,0,0,0,0,Open,0,0,0,Fine,Strong wind
1622631,5432003,4616,,582200,0,0,0,0,0,North,2001/2002,Z CPK GUYTON FISHERIES,SH 6/COLLINS,,Non-Injury Crash,No,2002,0,West,0,0,0,Flat,0,,0,,0,Bright sun,2325000,0,0,0,2,0,0,0,0,1,,0,0,Nelson Region,Nil,Off road,Sealed,0,0,0,0,50,0,Null,0,0,,52,Nelson City,Nil,0,0,0,0,1,0,Urban,1,0,0,Fine,Null
1570640,5180016,4617,,591500,0,0,0,0,0,South,2007/2008,COLOMBO ST,HEREFORD ST,,Non-Injury Crash,No,2008,0,South,0,0,0,Flat,0,,0,,0,Bright sun,2651400,0,0,0,2,0,0,0,0,1,,0,0,Canterbury Region,Nil,2-way,Sealed,0,0,0,0,50,0,Null,1,0,,60,Christchurch City,Unknown,0,0,0,0,1,0,Urban,0,0,0,Fine,Null
1869131,5713957,4618,,541730,0,,0,2,,North,2008/2009,TAHAREPA ROAD,RANGATIRA ST,,Non-Injury Crash,No,2008,,South,,0,,Flat,,,,,,Bright sun,1271600,0,0,0,2,,,0,,,,,,Waikato Region,Nil,2-way,Sealed,,0,0,,50,,Null,0,0,,21,Taupo District,Unknown,,,,,0,0,Urban,0,,,Fine,Null
1756269,5913196,4619,,518701,0,,0,1,,Null,2002/2003,CARR ROAD,HAYR ROAD,,Non-Injury Crash,No,2002,,East,,0,,Flat,,,,,,Overcast,569600,0,0,0,2,,,0,,,,,,Auckland Region,Nil,2-way,Sealed,,0,0,,50,,Off,0,0,,76,Auckland,Stop,,,,,1,0,Urban,0,,,Null,Null
1407039,4918359,4620,,603601,0,,0,2,,Null,2007/2008,SH 1S,DUNDAS ST,,Non-Injury Crash,Yes,2008,,South,,0,,Flat,,,,,,Bright sun,2866102,0,0,0,4,,,0,,,,,,Otago Region,Nil,1-way,Sealed,,0,0,,50,,Null,1,0,,71,Dunedin City,Traffic Signals,,,,,0,0,Urban,0,,,Fine,Null
1432070,4999895,4621,,600826,0,,0,3,,South,2015/2016,SH 1S,WOOLSHED ROAD,,Non-Injury Crash,Yes,2015,,South,,0,,Hill Road,,,,,,Overcast,2831200,0,0,0,2,,,0,,,,,,Otago Region,Nil,2-way,Sealed,,0,0,,100,,Null,0,0,,68,Waitaki District,Unknown,,,,,0,0,Open,0,,,Light rain,Null
1769603,5908513,4622,,523113,0,0,0,2,0,Null,2017/2018,TE IRIRANGI DRIVE,ACCENT DRIVE,,Non-Injury Crash,No,2018,0,North,0,0,0,Flat,0,,0,,0,Dark,711901,0,0,0,4,0,0,0,0,0,,0,0,Auckland Region,Nil,2-way,Sealed,0,0,0,0,80,0,On,0,0,,76,Auckland,Traffic Signals,0,1,0,1,0,0,Open,0,0,0,Fine,Null
1765445,5441660,4623,,569600,0,,0,2,,Null,2003/2004,SH 2,SH 58,,Non-Injury Crash,Yes,2003,,South,,0,,Flat,,,,,,Dark,1917000,0,0,0,5,,,0,,,,,,Wellington Region,Nil,2-way,Sealed,,0,0,,100,,On,0,0,,46,Lower Hutt City,Traffic Signals,,,,,0,0,Open,0,,,Light rain,Null
1760418,5915697,4624,,516003,0,,0,3,,South,2006/2007,SH 1N,GREENLANE OFF NBD,,Non-Injury Crash,Yes,2006,,North,,0,,Flat,,,,,,Overcast,494902,0,0,0,3,,,0,,,,,,Auckland Region,Nil,1-way,Sealed,,0,0,,100,,Off,0,0,,76,Auckland,Nil,,,,,1,0,Open,0,,,Mist or Fog,Null
1944422,5790000,4625,,542520,0,,0,1,,Null,2001/2002,SH 30,TE RAHU ROAD,,Minor Crash,Yes,2002,,East,,0,,Flat,,,,,,Bright sun,1297701,1,0,0,2,,,0,,,,,,Bay of Plenty Region,Nil,2-way,Sealed,,0,0,,100,,Off,0,0,,25,Whakatane District,Give way,,,,,1,0,Open,0,,,Fine,Null
1770726,5898378,4626,,523920,0,,0,2,,Null,2016/2017,GRAHAM ROAD,WAIMANA ROAD,,Non-Injury Crash,No,2017,,South,,0,,Flat,,,,,,Overcast,767503,0,0,0,2,,,0,,,,,,Auckland Region,Nil,2-way,Sealed,,0,0,,50,,Null,0,0,,76,Auckland,Give way,,,,,0,0,Urban,0,,,Null,Null
1752853,5914108,4627,,514500,0,,0,1,,West,2012/2013,MAIORO ST,ROSAMUND AVENUE,,Minor Crash,No,2012,,South,,0,,Flat,,,,,,Overcast,376600,1,0,0,4,,,0,,,1,,,Auckland Region,Nil,2-way,Sealed,,0,0,,50,,Off,0,0,,76,Auckland,Nil,,,,,0,0,Urban,0,,,Fine,Null
1571241,5193806,4628,,586501,0,1,0,0,0,South,2012/2013,SH 1S,TRAM OBR,,Non-Injury Crash,Yes,2013,0,South,0,0,0,Flat,0,,0,,0,Bright sun,2455505,0,0,0,2,0,0,0,0,0,,0,0,Canterbury Region,Bridge,1-way,Sealed,0,0,0,0,100,0,Null,0,0,,59,Waimakariri District,Unknown,0,0,0,0,1,0,Open,1,0,0,Mist or Fog,Null
1866999,5714285,4629,,541710,0,,0,1,,Null,2006/2007,WAIRAKEI DRIVE,NORMAN SMITH ST,,Minor Crash,No,2006,,South,,0,,Hill Road,,,,,,Overcast,1275301,1,0,0,3,,,0,,,,,,Waikato Region,Nil,2-way,Sealed,,0,0,,50,,Off,1,0,,21,Taupo District,Give way,,,,,0,0,Urban,0,,,Fine,Null
1500798.12,5138274.073,4630,,597830,0,,0,2,,Null,2020/2021,BRIDGE STREET,PRINCES STREET,,Non-Injury Crash,No,2020,,North,,0,,Flat,,,,,,Overcast,2733700,0,0,0,2,,,0,,,,,,Canterbury Region,Nil,2-way,Sealed,,0,0,,50,,Off,0,0,,63,Ashburton District,Give way,,,,,0,0,Urban,0,,,Fine,Null
1799300,5815405,4631,,528900,0,,0,2,,West,2002/2003,HALL ST,KENT ST,,Non-Injury Crash,No,2002,,East,,0,,Flat,,,,,,Overcast,913400,0,0,0,4,,,0,,,,,,Waikato Region,Bridge,2-way,Sealed,,0,0,,50,,Off,0,0,,16,Hamilton City,Traffic Signals,,,,,0,0,Urban,0,,,Light rain,Null
1817192,5459875,4632,,579502,0,,0,2,,North,2018/2019,SH 2,HALFWAY BR,,Minor Crash,Yes,2018,,North,,0,,Flat,,,,,,Bright sun,2262500,1,0,0,2,,,0,,,,,,Wellington Region,Nil,2-way,Sealed,,0,0,,100,,Null,0,0,,49,Carterton District,Unknown,,,,,0,0,Open,1,,,Fine,Null
1750709,5946689,4633,,505806,0,0,0,1,1,Null,2015/2016,HIBISCUS COAST HIGHWAY,WHANGAPARAOA ROAD,,Non-Injury Crash,No,2015,0,East,0,0,0,Flat,0,,0,,0,Dark,176504,0,0,0,4,0,0,0,0,0,,0,0,Auckland Region,Nil,2-way,Sealed,0,0,0,0,50,0,On,0,0,,76,Auckland,Traffic Signals,0,0,0,0,0,0,Urban,0,0,0,Light rain,Null
1756462,5931960,4634,,507500,0,,0,1,,North,2008/2009,KOWHAI ROAD,CHANNEL VIEW ROAD,,Minor Crash,No,2009,,South,,0,,Flat,,,,,,Overcast,149400,1,0,0,2,,,0,,,1,,,Auckland Region,Nil,2-way,Sealed,,0,0,,50,,Off,0,0,,76,Auckland,Nil,,,,,0,0,Urban,0,,,Fine,Null
1745764.278,5926165.596,4635,,513410,0,0,0,1,0,South,2019/2020,BRIGHAM CREEK RD,KAURI ROAD,,Non-Injury Crash,No,2019,0,South,0,0,0,Flat,1,,0,,0,Overcast,223801,0,0,0,2,0,0,0,0,0,,0,0,Auckland Region,Nil,2-way,Sealed,0,0,0,0,50,0,None,0,0,,76,Auckland,Unknown,0,0,0,0,0,0,Urban,0,0,0,Heavy rain,Null
1749420,5944937,4636,,506003,0,0,0,1,1,Null,2006/2007,NEWMAN ROAD,EAST COAST ROAD,,Non-Injury Crash,No,2007,0,South,1,0,0,Hill Road,0,,0,,0,Overcast,175702,0,0,0,2,0,0,0,0,0,,0,0,Auckland Region,Nil,2-way,Sealed,0,0,0,0,100,0,Off,0,0,,76,Auckland,Stop,0,0,0,0,0,0,Open,0,0,0,Fine,Null
1557302,5167767,4637,,597200,0,,0,2,,Null,2013/2014,GERALD ST,SPRINGS ROAD,,Non-Injury Crash,No,2014,,West,,0,,Flat,,,,,,Dark,2717700,0,0,0,2,,,0,,,,,,Canterbury Region,Nil,2-way,Sealed,,0,0,,70,,On,0,0,,62,Selwyn District,Give way,,,,,0,0,Urban,0,,,Fine,Null
1759173,5905603,4638,,524200,0,,0,2,,North,2016/2017,WESTNEY ROAD,TIMBERLY ROAD,,Minor Crash,No,2017,,North,,0,,Flat,,,,,,Dark,727600,1,0,0,2,,,0,,,,,,Auckland Region,Nil,2-way,Sealed,,0,0,,50,,On,0,0,40,76,Auckland,Unknown,,,,,0,0,Urban,0,,,Light rain,Null
1822403,5529950,4639,,562800,0,,0,2,,Null,2001/2002,BROADWAY AVENUE,VICTORIA AVENUE,,Non-Injury Crash,No,2001,,North,,0,,Flat,,,,,,Bright sun,1829600,0,0,0,2,,,0,,,,,,Manawatu-Wanganui Region,Nil,2-way,Sealed,,0,0,,50,,Null,0,0,,40,Palmerston North City,Give way,,,,,0,0,Urban,0,,,Fine,Null
1923893,5607231,4640,,548612,0,,0,3,,North,2011/2012,LIVINGSTONE ROAD,BURTON CRESCENT,,Serious Crash,No,2011,,North,,0,,Flat,,,,,,Dark,1474002,0,0,0,2,,,0,,,1,,,Hawke's Bay Region,Nil,2-way,Sealed,,0,2,,50,,On,0,0,,30,Hastings District,Nil,,,,,0,0,Urban,1,,,Fine,Null
1403198,4914301,4641,,604221,0,0,0,1,0,West,2005/2006,SH 1S,SOUTH ROAD,,Non-Injury Crash,Yes,2006,0,West,0,0,0,Hill Road,0,,0,,0,Overcast,2910300,0,0,0,4,0,0,0,0,0,,0,1,Otago Region,Nil,2-way,Sealed,0,0,0,0,100,0,Null,0,0,,71,Dunedin City,Unknown,0,0,0,0,0,0,Open,0,0,0,Heavy rain,Null
1884180.874,5826451.486,4642,,536831,0,0,0,2,0,North,2019/2020,OCEAN BEACH ROAD,CONCORD AVENUE,,Serious Crash,No,2019,0,North,0,0,0,Flat,0,,0,,0,Bright sun,1199400,0,0,1,2,0,0,0,0,1,,0,0,Bay of Plenty Region,Nil,2-way,Sealed,0,0,1,0,50,0,Off,0,0,,23,Tauranga City,Unknown,0,0,0,0,0,0,Urban,0,0,0,Fine,Null
1746205,5915692,4643,,511800,0,0,0,1,0,East,2006/2007,VIEW ROAD,WATTLE ROAD,,Non-Injury Crash,No,2007,0,South,0,0,0,Flat,0,,0,,0,Bright sun,276900,0,0,0,2,0,0,0,0,1,,0,0,Auckland Region,Nil,2-way,Sealed,0,0,0,0,50,0,Off,0,0,,76,Auckland,Nil,0,0,0,0,0,0,Urban,1,0,0,Fine,Null
1772963,5576940,4644,,556300,0,,0,1,,Null,1999/2000,YORK ST,ALMA ROAD,,Non-Injury Crash,No,2000,,West,,0,,Flat,,,,,,Bright sun,1723500,0,0,0,2,,,0,,,,,,Manawatu-Wanganui Region,Nil,2-way,Sealed,,0,0,,50,,Null,0,0,,37,Whanganui District,Give way,,,,,0,0,Urban,1,,,Fine,Null
1769862,5914774,4645,,522722,0,,0,1,,Null,2010/2011,PAKURANGA ROAD,AVIEMORE DRIVE,,Minor Crash,No,2010,,East,,0,,Flat,,,,,,Overcast,681324,1,0,0,4,,,0,,,,,,Auckland Region,Nil,2-way,Sealed,,0,0,,50,,Off,0,0,,76,Auckland,Traffic Signals,,,,,1,0,Urban,0,,,Light rain,Null
1566746,5184826,4646,,588700,0,,0,2,,South,2002/2003,FARRINGTON AVENUE,HAREWOOD ROAD,,Non-Injury Crash,No,2003,,South,,0,,Flat,,,,,,Bright sun,2523400,0,0,0,2,,,0,,,,,,Canterbury Region,Nil,2-way,Sealed,,0,0,,50,,Null,0,1,,60,Christchurch City,Unknown,,,,,0,0,Urban,0,,,Fine,Null
1936696.608,5621012.146,4647,,546901,0,,0,2,,Null,2019/2020,RAFFLES STREET,MUNROE STREET,,Non-Injury Crash,No,2019,,Null,,0,,Null,,,,,,Unknown,1430100,0,0,0,2,,,0,,,,,,Hawke's Bay Region,Nil,2-way,Null,,0,0,,50,,Null,0,0,,31,Napier City,Give way,,,,,0,0,Urban,0,,,Null,Null
1406146,4917887,4648,,604010,0,,0,2,,Null,2005/2006,DUCHESS AVENUE,QUEENS DRIVE,,Minor Crash,No,2005,,North,,0,,Flat,,,,,,Bright sun,2906002,1,0,0,2,,,0,,,,,,Otago Region,Nil,2-way,Sealed,,0,0,,50,,Null,0,0,,71,Dunedin City,Give way,,,,,0,0,Urban,0,,,Fine,Null
1754433,5931519,4649,,508805,0,,0,2,,East,2011/2012,CONSTELLATION DRIVE,HOME PLACE,,Non-Injury Crash,No,2012,,West,,0,,Flat,,,,,,Bright sun,180813,0,0,0,4,,,0,,,,,,Auckland Region,Nil,2-way,Sealed,,0,0,,50,,Off,0,0,,76,Auckland,Nil,,,,,0,0,Urban,0,,,Fine,Null
1792973,5500969,4650,,564210,0,,0,2,,West,2016/2017,QUEEN ST WEST,WERAROA ROAD,,Non-Injury Crash,No,2017,,West,,0,,Flat,,,,,,Bright sun,1864500,0,0,0,2,,,0,,,,,,Manawatu-Wanganui Region,Nil,2-way,Sealed,,0,0,,50,,Null,0,0,,42,Horowhenua District,Unknown,,,,,0,0,Urban,0,,,Fine,Null
1758961,5435848,4651,,569202,0,,0,2,,Null,2015/2016,VICTORIA ST,VICTORIA SLIP,,Non-Injury Crash,No,2016,,South,,0,,Flat,,,,,,Overcast,1924500,0,0,0,2,,,0,,,,,,Wellington Region,Nil,1-way,Sealed,,0,0,,50,,Off,0,0,,46,Lower Hutt City,Give way,,,,,0,0,Urban,0,,,Fine,Null
1771500,5914411,4652,,521602,0,0,0,2,0,West,2003/2004,ELLIOT ST,WELLINGTON ST,,Non-Injury Crash,No,2004,0,West,0,0,0,Hill Road,0,,0,,0,Overcast,647500,0,0,0,2,0,0,0,0,1,,0,0,Auckland Region,Nil,2-way,Sealed,0,0,0,0,50,0,Null,0,0,,76,Auckland,Unknown,0,0,0,0,0,0,Urban,0,0,0,Fine,Null
1757721,5919763,4653,,514301,0,,0,1,,Null,2012/2013,WELLESLEY ST BRIDGE,WELLESLEY OFF NBD,,Non-Injury Crash,No,2012,,West,,0,,Hill Road,,,,,,Overcast,440400,0,0,0,4,,,0,,,,,,Auckland Region,Bridge,2-way,Sealed,,0,0,,50,,Off,0,0,,76,Auckland,Traffic Signals,,,,,0,0,Urban,1,,,Fine,Null
1215236,5034078,4654,,609011,0,,0,2,,North,2007/2008,LOWER HOLLYFORD ROAD,GUNNS CAMP,,Non-Injury Crash,No,2008,,South,,0,,Flat,,,,,,Bright sun,3174500,0,0,0,1,,,0,,,,,,Southland Region,Nil,2-way,Unsealed,,0,0,,100,,Null,0,0,,73,Southland District,Unknown,,,,,0,0,Open,0,,,Fine,Null
1772436,5874157,4655,,526200,0,,0,2,,North,2009/2010,GEORGE ST,ESCOTTS ROAD,,Minor Crash,No,2009,,South,,0,,Flat,,,,,,Twilight,839402,1,0,0,2,,,0,,,,,,Waikato Region,Nil,2-way,Sealed,,0,0,,50,,Off,0,0,,13,Waikato District,Nil,,,,,0,0,Urban,0,,,Fine,Null
1566764,5180175,4656,,590702,0,,0,1,,East,2016/2017,RICCARTON ROAD,PAEROA ST,,Non-Injury Crash,No,2017,,West,,0,,Flat,,,,,,Overcast,2470800,0,0,0,2,,,0,,,,,,Canterbury Region,Nil,2-way,Sealed,,0,0,,50,,Null,0,0,,60,Christchurch City,Unknown,,,,,0,0,Urban,1,,,Fine,Null
1597507,5152704,4657,,596901,0,,0,0,,North,2015/2016,SH 75,SLAUGHTERHOUSE ROAD,,Minor Crash,Yes,2016,,North,,0,,Hill Road,,,,,,Bright sun,2714401,1,0,1,2,,,0,,,,,,Canterbury Region,Nil,2-way,Sealed,,0,0,,100,,Null,0,0,,60,Christchurch City,Unknown,,,,,0,0,Open,0,,,Fine,Null
1707167,6049445,4658,,501802,0,0,0,1,1,South,1999/2000,KOKOPU ROAD,ROYDON DRIVE,,Non-Injury Crash,No,2000,0,North,0,0,0,Hill Road,0,,0,,0,Twilight,69000,0,0,0,2,0,0,0,0,0,,0,0,Northland Region,Nil,2-way,Sealed,0,0,0,0,100,0,None,0,0,,2,Whangarei District,Nil,0,0,0,0,0,0,Open,0,0,0,Fine,Null
1703399,5652359,4659,,552702,0,0,0,1,0,West,2017/2018,SURREY ROAD,DERBY ROAD SOUTH,,Minor Crash,No,2018,0,East,0,0,0,Hill Road,0,,0,,0,Dark,1607501,1,0,0,2,0,0,0,0,0,,0,0,Taranaki Region,Nil,2-way,Sealed,0,0,0,0,100,0,None,0,0,,33,New Plymouth District,Unknown,0,0,0,1,0,0,Open,0,0,0,Fine,Null
1758413,5918004,4660,,517400,0,0,1,1,0,South,2010/2011,BROADWAY,MORROW ST,,Non-Injury Crash,No,2010,0,North,0,0,0,Flat,0,,0,,0,Bright sun,451300,0,0,0,2,0,0,0,0,1,,0,0,Auckland Region,Nil,2-way,Sealed,0,0,0,0,60,0,Off,0,0,,76,Auckland,Nil,0,0,0,0,0,0,Urban,0,0,0,Fine,Null
1764023,5914109,4661,,520303,0,0,0,0,0,South,2017/2018,MOUNT WELLINGTON HIGHWAY,TE HORETA ROAD,,Non-Injury Crash,No,2017,0,South,0,0,0,Flat,0,,0,,0,Dark,627600,0,0,0,4,0,0,0,0,1,,0,0,Auckland Region,Nil,2-way,Sealed,0,0,0,0,50,0,On,1,0,,76,Auckland,Unknown,0,0,0,0,1,0,Urban,0,0,0,Fine,Null
1748927,5970208,4662,,505500,0,,0,2,,Null,2000/2001,WHITAKER ROAD,PALMER ST,,Non-Injury Crash,No,2001,,North,,0,,Flat,,,,,,Dark,141101,0,0,0,2,,,0,,,,,,Auckland Region,Nil,2-way,Sealed,,0,0,,50,,On,0,0,,76,Auckland,Nil,,,,,0,0,Urban,0,,,Light rain,Null
1768435,5472203,4663,,565901,0,,0,2,,Null,2000/2001,MAZENGARB ROAD,MICHAEL ROAD,,Non-Injury Crash,No,2001,,South,,0,,Flat,,,,,,Dark,2000902,0,0,0,2,,,0,,,,,,Wellington Region,Nil,2-way,Sealed,,0,0,,50,,On,0,0,,43,Kapiti Coast District,Nil,,,,,0,0,Urban,0,,,Fine,Null
1238699,4887821,4664,,610040,0,0,0,1,0,South,2011/2012,SH 6,PISA ROAD,,Non-Injury Crash,Yes,2011,0,North,0,0,0,Flat,0,,0,,0,Dark,3074600,0,0,0,2,0,0,0,0,0,,0,0,Southland Region,Nil,2-way,Sealed,0,0,0,0,100,0,None,0,0,,73,Southland District,Unknown,0,0,0,0,0,0,Open,0,0,0,Fine,Null
1718163,6042759,4665,,503800,0,0,0,2,0,North,2015/2016,TAUROA ST,SMEATON DRIVE,,Non-Injury Crash,No,2016,0,North,0,0,0,Flat,0,,0,,1,Overcast,107908,0,0,0,2,0,0,0,0,1,,0,0,Northland Region,Nil,2-way,Sealed,0,0,0,0,50,0,Null,0,0,,2,Whangarei District,Unknown,0,0,0,0,0,0,Urban,0,0,0,Fine,Null