X,Y,OBJECTID,advisorySpeed,areaUnitID,bicycle,bridge,bus,carStationWagon,cliffBank,crashDirectionDescription,crashFinancialYear,crashLocation1,crashLocation2,crashRoadSideRoad,crashSeverity,crashSHDescription,crashYear,debris,directionRoleDescription,ditch,fatalCount,fence,flatHill,guardRail,holiday,houseOrBuilding,intersection,kerb,light,meshblockId,minorInjuryCount,moped,motorcycle,NumberOfLanes,objectThrownOrDropped,otherObject,otherVehicleType,overBank,parkedVehicle,pedestrian,phoneBoxEtc,postOrPole,region,roadCharacter,roadLane,roadSurface,roadworks,schoolBus,seriousInjuryCount,slipOrFlood,speedLimit,strayAnimal,streetLight,suv,taxi,temporarySpeedLimit,tlaId,tlaName,trafficControl,trafficIsland,trafficSign,train,tree,truck,unknownVehicleType,urban,vanOrUtility,vehicle,waterRiver,weatherA,weatherB
1801711,5817651,4731,,529502,0,,1,1,,Null,2012/2013,PEACHGROVE ROAD,HOLLAND ROAD,,Non-Injury Crash,No,2012,,North,,0,,Flat,,,,,,Overcast,874600,0,0,0,2,,,0,,,,,,Waikato Region,Nil,2-way,Sealed,,0,0,,50,,Null,0,0,,16,Hamilton City,Give way,,,,,0,0,Urban,0,,,Fine,Null
1763398,5459693,4732,,566200,0,,0,1,,North,2016/2017,SH 1N,FISHERMANS TABLE,,Serious Crash,Yes,2016,,South,,0,,Flat,,,,,,Overcast,2009701,1,0,0,2,,,0,,,,,,Wellington Region,Nil,2-way,Sealed,,0,1,,80,,Null,0,0,,43,Kapiti Coast District,Unknown,,,,,1,0,Open,0,,,Light rain,Null
1772729,5895404,4733,,525530,0,,0,2,,Null,2006/2007,GREAT SOUTH ROAD,BEACH ROAD S,,Non-Injury Crash,No,2006,,South,,0,,Flat,,,,,,Bright sun,804701,0,0,0,4,,,0,,,,,,Auckland Region,Nil,2-way,Sealed,,0,0,,50,,Off,0,0,,76,Auckland,Traffic Signals,,,,,0,0,Urban,0,,,Fine,Null
1489694,5377086,4734,,584410,0,,0,1,,Null,2014/2015,SH 67,GARVEYS ROAD,,Minor Crash,Yes,2015,,West,,0,,Flat,,,,,,Overcast,2387601,1,0,0,2,,,0,,,,,,West Coast Region,Nil,2-way,Sealed,,0,0,,100,,None,1,0,,55,Buller District,Give way,,,,,0,0,Open,0,,,Fine,Null
1755601,5915819,4735,,518301,0,,0,2,,Null,2010/2011,DOMINION ROAD,KENSINGTON AVENUE,,Non-Injury Crash,No,2011,,South,,0,,Flat,,,,,,Twilight,554000,0,0,0,2,,,0,,,,,,Auckland Region,Nil,2-way,Sealed,,0,0,,50,,On,0,0,,76,Auckland,Stop,,,,,0,0,Urban,0,,,Fine,Null
1755121,5931387,4736,,508520,0,0,0,0,0,South,2009/2010,JUNIPER ROAD,SUNSET ROAD,,Non-Injury Crash,No,2010,0,East,0,0,1,Hill Road,0,,0,,0,Dark,189706,0,0,0,1,0,0,0,0,0,,0,0,Auckland Region,Nil,2-way,Sealed,0,0,0,0,50,0,On,1,0,,76,Auckland,Nil,0,0,0,0,0,0,Urban,0,0,0,Fine,Null
1455842,5083926,4737,,599300,0,0,0,1,0,West,2000/2001,GLENITI ROAD,BIRCH ST,,Non-Injury Crash,No,2001,0,North,0,0,1,Flat,0,,0,,0,Dark,2774700,0,0,0,2,0,0,0,0,0,,0,0,Canterbury Region,Nil,2-way,Sealed,0,0,0,0,50,0,On,0,0,,64,Timaru District,Unknown,0,0,0,0,0,0,Urban,0,0,0,Light rain,Null
1293345,5043016,4738,,608800,0,0,0,1,0,Null,2010/2011,MCDOUGALL ST,BROWNSTON ST,,Non-Injury Crash,No,2010,0,North,0,0,0,Hill Road,0,,0,,0,Dark,3036400,0,0,0,2,0,0,0,0,0,,0,0,Otago Region,Nil,2-way,Sealed,0,0,0,0,50,0,On,0,0,,70,Queenstown-Lakes District,Stop,0,1,0,0,0,0,Urban,0,0,0,Fine,Null
1770142,5445175,4739,,564601,0,,0,2,,West,2005/2006,SH 2,MOONSHINE HILL ROAD,,Fatal Crash,Yes,2005,,East,,2,,Flat,,,,,,Twilight,1903802,0,0,0,2,,,0,,,,,,Wellington Region,Nil,2-way,Sealed,,0,3,,100,,Off,0,0,,45,Upper Hutt City,Nil,,,,,0,0,Open,0,,,Fine,Null
1834657,5534306,4740,,561902,0,,0,1,,West,2002/2003,SH 3,SH 57,,Fatal Crash,Yes,2003,,West,,1,,Flat,,,,,,Bright sun,1759000,1,0,0,2,,,0,,,,,,Manawatu-Wanganui Region,Nil,2-way,Sealed,,0,0,,100,,Null,0,0,,40,Palmerston North City,Nil,,,,,1,0,Open,0,,,Fine,Null
1752806,5918110,4741,,515003,0,,0,1,,East,1999/2000,SH 16,WATERVIEW OFF WBD,,Minor Crash,Yes,2000,,West,,0,,Flat,,,,,,Dark,390600,3,0,0,3,,,0,,,,,,Auckland Region,Nil,1-way,Sealed,,0,0,,100,,On,0,0,,76,Auckland,Nil,,,,,0,0,Open,1,,,Fine,Null
1885175,5773743,4742,,540410,0,,0,2,,South,2010/2011,FENTON ST,ERUERA ST,,Minor Crash,No,2011,,South,,0,,Flat,,,,,,Dark,1236200,1,0,0,5,,,0,,,,,,Bay of Plenty Region,Nil,2-way,Sealed,,0,0,,50,,On,0,0,,24,Rotorua District,Unknown,,,,,0,0,Urban,1,,,Fine,Null
1768459.432,5905430.632,4743,,523722,0,,0,0,,Null,2019/2020,OTHELLO DRIVE,BOUNDARY ROAD,,Minor Crash,No,2020,,East,,0,,Flat,,,,,,Dark,715704,2,0,0,2,,,0,,,,,,Auckland Region,Nil,2-way,Sealed,,0,0,,50,,On,2,0,,76,Auckland,Give way,,,,,0,0,Urban,0,,,Heavy rain,Null
1270943,5010849,4744,,609032,0,0,0,1,1,West,2018/2019,SH 6,BENDEMEER LANE,,Minor Crash,Yes,2018,0,East,0,0,0,Flat,0,,0,,0,Dark,3039808,1,0,0,2,0,0,0,0,0,,0,0,Otago Region,Nil,2-way,Sealed,0,0,0,0,100,0,None,0,0,,70,Queenstown-Lakes District,Unknown,0,0,0,0,0,0,Open,0,0,0,Light rain,Null
1864479,5544765,4745,,550102,0,0,0,1,0,West,2010/2011,CHRISTIAN ST,SH 2 HIGH,,Non-Injury Crash,No,2010,0,West,0,0,0,Flat,0,,0,,0,Overcast,1533500,0,0,0,2,0,0,0,0,1,,0,0,Manawatu-Wanganui Region,Nil,2-way,Sealed,0,0,0,0,50,0,Null,1,0,,41,Tararua District,Nil,0,0,0,0,0,0,Urban,0,0,0,Fine,Null
1753598.498,5913887.516,4746,,518901,0,,0,2,,Null,2019/2020,RICHARDSON ROAD,AMAZON PARADE,,Minor Crash,No,2020,,East,,0,,Flat,,,,,,Twilight,583704,1,0,0,2,,,0,,,,,,Auckland Region,Nil,2-way,Sealed,,0,0,,50,,On,0,0,,76,Auckland,Nil,,,,,0,0,Urban,1,,,Fine,Null
1455678,5093774,4747,,598313,0,0,0,1,0,Null,2010/2011,KERRYTOWN ROAD,FALVEY ROAD,,Minor Crash,No,2010,0,West,0,0,0,Flat,0,,0,,0,Bright sun,2777700,1,0,0,2,0,0,0,0,0,,0,1,Canterbury Region,Nil,2-way,Sealed,0,0,0,0,100,0,Null,0,0,,64,Timaru District,Give way,0,0,0,0,0,0,Open,0,0,0,Fine,Null
1748902,5425403,4748,,576500,0,0,0,2,0,North,2001/2002,Z CPK HOSPITAL,RIDDIFORD/ADELAIDE,,Non-Injury Crash,No,2002,0,South,0,0,1,Flat,0,,0,,0,Overcast,2149200,0,0,0,0,0,0,0,0,1,,0,0,Wellington Region,Nil,Off road,Sealed,0,0,0,0,50,0,Null,0,0,,47,Wellington City,Nil,0,0,0,0,0,0,Urban,0,0,0,Fine,Null
1567141,5184653,4749,,588300,0,,0,2,,Null,2017/2018,GREERS ROAD,HAREWOOD ROAD,,Non-Injury Crash,No,2017,,North,,0,,Flat,,,,,,Bright sun,2511003,0,0,0,6,,,0,,,,,,Canterbury Region,Nil,2-way,Sealed,,0,0,,50,,Null,0,0,,60,Christchurch City,Traffic Signals,,,,,0,0,Urban,0,,,Fine,Null
1406097,4916438,4750,,602900,0,,0,1,,Null,2010/2011,PRINCES ST,WATER ST,,Minor Crash,No,2010,,South,,0,,Flat,,,,,,Overcast,2895400,1,0,0,4,,,0,,,1,,,Otago Region,Nil,2-way,Sealed,,0,0,,50,,Null,0,1,,71,Dunedin City,Give way,,,,,0,0,Urban,0,,,Fine,Null
1755889,5935126,4751,,507101,0,,0,2,,Null,2003/2004,ANZAC ROAD,GLEN ROAD,,Minor Crash,No,2003,,West,,0,,Flat,,,,,,Overcast,161100,1,0,0,2,,,0,,,,,,Auckland Region,Nil,2-way,Sealed,,0,0,,50,,Off,0,0,,76,Auckland,Nil,,,,,0,0,Urban,0,,,Heavy rain,Null
1936087,5621230,4752,,546901,0,,0,2,,West,2011/2012,CARLYLE ST,OWEN ST,,Non-Injury Crash,No,2012,,East,,0,,Flat,,,,,,Bright sun,1429000,0,0,0,2,,,0,,,,,,Hawke's Bay Region,Nil,2-way,Sealed,,0,0,,50,,Null,0,0,,31,Napier City,Nil,,,,,0,0,Urban,0,,,Fine,Null
1869610,5719167,4753,,541312,0,,0,0,,South,2017/2018,SH 1N,SH 5,,Minor Crash,Yes,2017,,North,,0,,Hill Road,,,,,,Overcast,1278801,1,0,0,2,,,0,,,,,,Waikato Region,Nil,2-way,Sealed,,0,0,,100,,Null,0,0,,21,Taupo District,Unknown,,,,,1,0,Open,1,,,Fine,Null
1679179,5402814,4754,,581240,0,0,0,1,0,South,1999/2000,MAXWELL ROAD,MULLER ROAD,,Non-Injury Crash,No,2000,0,South,0,0,0,Flat,0,Christmas New Year,0,,0,Overcast,2301300,0,0,0,2,0,0,0,0,1,,0,0,Marlborough Region,Nil,2-way,Sealed,0,0,0,0,50,0,Null,0,0,,53,Marlborough District,Nil,0,0,0,0,0,0,Urban,1,0,0,Light rain,Null
1242270,4852363,4755,,610601,0,,0,3,,North,2005/2006,SH 6,DOUGLAS ST,,Minor Crash,Yes,2005,,North,,0,,Flat,,,,,,Bright sun,3102600,1,0,0,4,,,0,,,,,,Southland Region,Nil,2-way,Sealed,,0,0,,50,,Null,1,0,,75,Invercargill City,Unknown,,,,,0,0,Urban,0,,,Fine,Null
1761225,5916666,4756,,516003,0,,1,1,,Null,2002/2003,REMUERA ROAD,LADIES MILE,,Minor Crash,No,2003,,West,,0,,Flat,,,,,,Bright sun,495900,1,0,0,5,,,0,,,,,,Auckland Region,Nil,2-way,Sealed,,0,0,,50,,Off,0,0,,76,Auckland,Traffic Signals,,,,,0,0,Urban,0,,,Fine,Null
1755607,5925590,4757,,509701,0,,0,1,,Null,2012/2013,LAKE ROAD,EXMOUTH ROAD,,Non-Injury Crash,No,2013,,North,,0,,Hill Road,,,,,,Dark,362501,0,1,0,2,,,0,,,,,,Auckland Region,Nil,2-way,Sealed,,0,0,,50,,On,0,0,,76,Auckland,Give way,,,,,0,0,Urban,0,,,Fine,Null
1756497,5918386,4758,,515600,0,0,0,1,0,West,2001/2002,DOMINION OFF NBD,NEW NORTH ROAD,,Non-Injury Crash,Yes,2002,0,East,0,0,0,Flat,1,,0,,0,Bright sun,419800,0,0,0,1,0,0,0,0,0,,0,0,Auckland Region,Bridge,1-way,Sealed,0,0,0,0,70,0,Off,0,0,,76,Auckland,Nil,0,0,0,0,0,0,Urban,0,0,0,Fine,Null
1780142,5901979,4759,,525201,0,,0,2,,Null,2008/2009,PAPAKURA-CLEVEDON ROAD,CLEVEDON-TAKANINI ROAD,,Non-Injury Crash,No,2009,,South,,0,,Flat,,,,,,Bright sun,763300,0,0,0,2,,,0,,,,,,Auckland Region,Nil,2-way,Sealed,,0,0,,100,,Null,0,0,,76,Auckland,Give way,,,,,0,0,Open,0,,,Fine,Null
1258838,5006698,4760,,609303,0,0,2,1,0,North,2015/2016,GORGE ROAD,INDUSTRIAL PLACE,,Serious Crash,No,2015,0,South,0,0,0,Hill Road,0,,0,,0,Dark,3039504,1,0,0,2,0,0,0,0,1,,0,0,Otago Region,Nil,2-way,Sealed,0,0,2,0,80,0,None,0,0,,70,Queenstown-Lakes District,Unknown,0,0,0,0,0,0,Open,1,0,0,Light rain,Null
1755813,5921140,4761,,515202,0,,0,2,,North,2008/2009,SH 1N,FANSHAWE ON NBD,,Non-Injury Crash,Yes,2009,,North,,0,,Flat,,,,,,Dark,425600,0,0,0,3,,,0,,,,,,Auckland Region,Nil,1-way,Sealed,,0,0,,80,,On,0,0,,76,Auckland,Nil,,,,,0,0,Open,0,,,Light rain,Null
1569452,5176946,4762,,594900,0,,0,2,,Null,2006/2007,BARRINGTON ST,ROBERTA DRIVE,,Non-Injury Crash,No,2006,,North,,0,,Flat,,,,,,Overcast,2636900,0,0,0,2,,,0,,,,,,Canterbury Region,Nil,2-way,Sealed,,0,0,,50,,Null,0,0,,60,Christchurch City,Give way,,,,,0,0,Urban,0,,,Fine,Null
1673128,6081229,4763,,501700,0,0,0,1,0,Null,2008/2009,SH 15,RECREATION ROAD,,Minor Crash,Yes,2009,0,North,0,0,1,Flat,0,,0,,0,Dark,43600,1,0,0,2,0,0,0,0,0,,0,0,Northland Region,Nil,2-way,Sealed,0,0,0,0,50,0,On,0,0,,1,Far North District,Nil,0,0,0,0,0,0,Urban,0,0,0,Fine,Null
1771716,5899043,4764,,523912,0,,0,1,,Null,2011/2012,AIRFIELD ROAD,PORCHESTER ROAD,,Non-Injury Crash,No,2011,,South,,0,,Flat,,,,,,Overcast,765401,0,0,0,2,,,0,,,,,,Auckland Region,Nil,2-way,Sealed,,0,0,,50,,Null,0,0,,76,Auckland,Give way,,,,,0,0,Urban,1,,,Fine,Null
1749664,5431074,4765,,574500,0,,0,1,,Null,2014/2015,KAIWHARAWHARA ROAD,OLD PORIRUA ROAD,,Serious Crash,No,2014,,South,,0,,Hill Road,,,,,,Bright sun,2093600,0,0,1,3,,,0,,,,,,Wellington Region,Nil,2-way,Sealed,,0,1,,50,,Off,0,0,,47,Wellington City,Give way,,,,,0,0,Urban,0,,,Fine,Null
1754216,5913321,4766,,518802,0,,0,2,,Null,2014/2015,MAY ROAD,MARION AVENUE,,Minor Crash,No,2014,,North,,0,,Flat,,,,,,Overcast,579500,1,0,0,2,,,0,,,,,,Auckland Region,Nil,2-way,Sealed,,0,0,,50,,Off,0,0,,76,Auckland,Stop,,,,,0,0,Urban,0,,,Light rain,Null
1878995,5821580,4767,,538102,0,,0,2,,West,2002/2003,SH 2A,MAYFAIR ST,,Non-Injury Crash,Yes,2002,,East,,0,,Flat,,,,,,Dark,1169101,0,0,0,2,,,0,,,,,,Bay of Plenty Region,Nil,2-way,Sealed,,0,0,,50,,On,0,0,,23,Tauranga City,Nil,,,,,0,0,Urban,0,,,Fine,Null
1844654,5786316,4768,,535250,0,,0,0,,South,2013/2014,SH 1N,SH 28 WHITES,,Non-Injury Crash,Yes,2013,,South,,0,,Flat,,,,,,Bright sun,1127501,0,0,0,2,,,0,,,,,,Waikato Region,Nil,2-way,Sealed,,0,0,,100,,Null,1,0,,19,South Waikato District,Unknown,,,,,0,0,Open,1,,,Fine,Null
1756275,5444632,4769,,571100,0,0,0,1,0,Null,2005/2006,HEREFORD ST,LINCOLN GROVE,,Non-Injury Crash,No,2006,0,West,0,0,0,Hill Road,0,,0,,0,Dark,2046000,0,0,0,2,0,0,0,0,0,,0,1,Wellington Region,Nil,2-way,Sealed,0,0,0,0,50,0,On,0,0,,44,Porirua City,Nil,0,0,0,0,0,0,Urban,0,0,0,Fine,Null
1766426,5879065,4770,,521112,0,,0,1,,Null,2005/2006,WAIUKU ROAD,HILL TOP ROAD,,Serious Crash,No,2006,,East,,0,,Flat,,,,,,Overcast,825900,2,0,0,2,,,0,,,,,,Auckland Region,Nil,2-way,Sealed,,0,1,,100,,None,0,0,,76,Auckland,Give way,,,,,0,0,Open,1,,,Fine,Null
1825613,5886737,4771,,533501,0,,0,2,,Null,2017/2018,MARY ST,BROWN ST,,Non-Injury Crash,No,2018,,West,,0,,Flat,,Easter,,,,Bright sun,1050200,0,0,0,2,,,0,,,,,,Waikato Region,Nil,2-way,Sealed,,0,0,,50,,Null,0,0,,11,Thames-Coromandel District,Give way,,,,,0,0,Urban,0,,,Fine,Null
1931236,5605685,4772,,548000,0,,0,2,,West,2017/2018,KARAMU ROAD NORTH,FENWICK ST,,Serious Crash,No,2018,,West,,0,,Flat,,,,,,Bright sun,1495600,0,0,0,2,,,0,,,,,,Hawke's Bay Region,Nil,2-way,Sealed,,0,1,,50,,Null,1,0,,30,Hastings District,Unknown,,,,,0,0,Urban,0,,,Fine,Null
1679588.059,5403154.749,4773,,581240,0,0,0,1,0,Null,2018/2019,STEPHENSON STREET,WELD STREET,,Non-Injury Crash,No,2019,0,North,0,0,1,Flat,0,,0,,1,Dark,2301600,0,0,0,2,0,0,0,0,0,,0,0,Marlborough Region,Nil,2-way,Sealed,0,0,0,0,50,0,On,0,0,,53,Marlborough District,Give way,0,0,0,0,0,0,Urban,0,0,0,Fine,Frost
1569246,5177198,4774,,595000,1,,0,1,,Null,2018/2019,BARRINGTON ST,ATHELSTAN ST,,Minor Crash,No,2018,,North,,0,,Flat,,,,,,Bright sun,2643300,1,0,0,3,,,0,,,,,,Canterbury Region,Nil,2-way,Sealed,,0,0,,50,,Null,0,0,,60,Christchurch City,Traffic Signals,,,,,0,0,Urban,0,,,Fine,Null
1463688,5099077,4775,,598600,1,,0,1,,Null,1999/2000,DOMAIN AVENUE,MAUDE ST,,Minor Crash,No,2000,,West,,0,,Flat,,,,,,Overcast,2768700,1,0,0,2,,,0,,,,,,Canterbury Region,Nil,2-way,Sealed,,0,0,,50,,Null,0,0,,64,Timaru District,Give way,,,,,0,0,Urban,0,,,Fine,Null
1764971,5914716,4776,,520602,0,,0,2,,Null,2017/2018,PANMURE ROUNDABOUT,QUEENS ROAD,,Non-Injury Crash,No,2017,,South,,0,,Flat,,,,,,Overcast,628700,0,0,0,3,,,0,,,,,,Auckland Region,Nil,1-way,Sealed,,0,0,,50,,Null,0,0,,76,Auckland,Give way,,,,,0,0,Urban,0,,,Fine,Null
1572667,5183761,4777,,592702,0,0,0,3,0,South,2017/2018,MARSHLAND ROAD,PAGODA ST,,Non-Injury Crash,No,2018,0,South,0,0,0,Flat,0,,0,,0,Bright sun,2596400,0,0,0,2,0,0,0,0,1,,0,0,Canterbury Region,Nil,2-way,Sealed,0,0,0,0,50,0,Null,0,0,,60,Christchurch City,Unknown,0,0,0,0,0,0,Urban,0,0,0,Fine,Null
1936511,5621949,4778,,546802,0,0,0,1,0,South,2001/2002,SHAKESPEARE ROAD,CLYDE ROAD,,Non-Injury Crash,No,2002,0,North,0,0,1,Hill Road,0,,0,,0,Dark,1423100,0,0,0,2,0,0,0,0,0,,0,0,Hawke's Bay Region,Nil,2-way,Sealed,0,0,0,0,50,0,On,0,0,,31,Napier City,Nil,0,1,0,0,0,0,Urban,0,0,0,Fine,Null
1664207,5457948,4779,,580446,0,0,0,0,0,West,2000/2001,CROISILLES-FRENCH PASS RO,CANOE BAY ROAD,,Serious Crash,No,2000,0,West,0,0,0,Hill Road,0,,0,,0,Overcast,2285703,0,0,0,2,0,0,0,1,0,,0,0,Marlborough Region,Nil,1-way,Unsealed,0,0,1,0,100,0,Null,0,0,,53,Marlborough District,Nil,0,0,0,0,1,0,Open,0,0,0,Mist or Fog,Null
1462432,5104743,4780,,598312,0,0,0,1,0,South,2010/2011,SH 1S,RISE ROAD,,Non-Injury Crash,Yes,2011,0,South,0,0,0,Flat,0,,0,,0,Bright sun,2770200,0,0,0,2,0,0,0,0,0,,0,0,Canterbury Region,Nil,2-way,Sealed,0,0,0,0,100,0,Null,0,0,,64,Timaru District,Unknown,0,1,0,0,0,0,Open,0,0,0,Fine,Null
1695270,5676695,4781,,552100,0,,0,2,,Null,2000/2001,PAYNTERS AVENUE,WAIWAKA TERRACE,,Minor Crash,No,2000,,North,,0,,Flat,,,,,,Bright sun,1598501,1,0,0,2,,,0,,,,,,Taranaki Region,Nil,2-way,Sealed,,0,0,,50,,Null,0,0,,33,New Plymouth District,Give way,,,,,0,0,Urban,0,,,Fine,Null
1758059,5915122,4782,,519300,0,,0,1,,Null,2016/2017,MANUKAU ROAD,ONSLOW AVENUE,,Serious Crash,No,2017,,North,,0,,Flat,,,,,,Bright sun,623600,0,0,1,4,,,0,,,,,,Auckland Region,Nil,2-way,Sealed,,0,1,,50,,Null,0,0,,76,Auckland,Give way,,,,,0,0,Urban,0,,,Fine,Strong wind
1751575,5914923,4783,,514401,0,,0,1,,South,2013/2014,BLOCKHOUSE BAY ROAD,METHUEN ROAD,,Non-Injury Crash,No,2014,,South,,0,,Flat,,,,,,Bright sun,380300,0,0,0,2,,,0,,,,,,Auckland Region,Nil,2-way,Sealed,,0,0,,50,,Null,1,0,,76,Auckland,Unknown,,,,,0,0,Urban,0,,,Fine,Null
1688201,6093802,4784,,501633,0,0,0,1,1,North,2014/2015,SH 11,SH 10,,Non-Injury Crash,Yes,2015,0,West,0,0,0,Flat,0,,0,,0,Dark,35700,0,0,0,2,0,0,0,0,0,,0,0,Northland Region,Nil,2-way,Sealed,0,0,0,0,80,0,None,0,0,,1,Far North District,Unknown,0,0,0,0,0,0,Open,1,0,0,Fine,Null
1746044,5913247,4785,,511001,0,0,0,2,0,South,2017/2018,ROSIER ROAD,LASQUE PLACE,,Non-Injury Crash,No,2017,0,North,0,0,0,Hill Road,0,,0,,0,Dark,282825,0,0,0,2,0,0,0,0,1,,0,0,Auckland Region,Nil,2-way,Sealed,0,0,0,0,50,0,On,0,0,,76,Auckland,Unknown,0,0,0,0,0,0,Urban,0,0,0,Fine,Null
1756707,5924884,4786,,509702,0,,0,1,,South,2017/2018,SH 1N,EXMOUTH FTBR,,Non-Injury Crash,Yes,2018,,South,,0,,Flat,,,,,,Dark,366602,0,0,0,3,,,0,,,,,,Auckland Region,Nil,1-way,Sealed,,0,0,,100,,On,0,0,,76,Auckland,Unknown,,,,,1,0,Open,0,,,Fine,Null
2035182,5710833,4787,,544900,0,,0,2,,East,2015/2016,NELSON ROAD,ANITA GROVE,,Non-Injury Crash,No,2016,,East,,0,,Flat,,,,,,Bright sun,1376604,0,0,0,2,,,0,,,,,,Gisborne Region,Nil,2-way,Sealed,,0,0,,50,,Null,0,0,,28,Gisborne District,Unknown,,,,,0,0,Urban,0,,,Fine,Null
1982500,5670258,4788,,545500,0,,0,1,,Null,2017/2018,SH 2,MARINE PARADE,,Non-Injury Crash,Yes,2017,,North,,0,,Flat,,,,,,Dark,1388600,0,0,0,2,,,0,,,,,,Hawke's Bay Region,Nil,2-way,Sealed,,0,0,,50,,On,0,0,,29,Wairoa District,Give way,,,,,0,0,Urban,1,,,Fine,Null
1751694,5422890,4789,,577000,0,,0,2,,North,2007/2008,Z TAXI RANK,STEWART DUFF/ACCESS,,Non-Injury Crash,No,2008,,South,,0,,Flat,,,,,,Overcast,2175700,0,0,0,2,,,0,,,,,,Wellington Region,Nil,2-way,Sealed,,0,0,,50,,Null,0,2,,47,Wellington City,Nil,,,,,0,0,Urban,0,,,Fine,Null
1273001,5011171,4790,75,609031,0,0,0,1,0,West,2004/2005,SH 6,WHITECHAPEL ROAD,,Non-Injury Crash,Yes,2004,0,West,0,0,0,Hill Road,1,,0,,0,Overcast,3039900,0,0,0,2,0,0,0,0,0,,0,0,Otago Region,Nil,2-way,Sealed,0,0,0,0,100,0,Null,0,0,,70,Queenstown-Lakes District,Unknown,0,0,0,0,0,0,Open,0,0,0,Fine,Null
1757148,5920511,4791,,514102,0,,0,1,,Null,2009/2010,VICTORIA ST WEST,FEDERAL ST,,Non-Injury Crash,No,2009,,West,,0,,Flat,,,,,,Dark,433401,0,0,0,4,,,0,,,,,,Auckland Region,Nil,2-way,Sealed,,0,0,,50,,On,0,0,,76,Auckland,Traffic Signals,,,,,0,0,Urban,1,,,Fine,Null
1567363,5180790,4792,,589500,0,,0,0,,Null,2001/2002,KAHU ROAD,KOTARE ST,,Non-Injury Crash,No,2001,,West,,0,,Flat,,,,,,Overcast,2545300,0,0,0,2,,,0,,,,,,Canterbury Region,Nil,2-way,Sealed,,0,0,,50,,Null,0,0,,60,Christchurch City,Give way,,,,,0,0,Urban,1,,,Fine,Null
1747896,5930391,4793,,509000,0,,0,1,,East,2012/2013,PAREMOREMO ROAD,ATTWOOD ROAD,,Non-Injury Crash,No,2013,,West,,0,,Hill Road,,,,,,Overcast,179704,0,0,0,2,,,0,,,,,,Auckland Region,Nil,2-way,Sealed,,0,0,,80,,Off,0,0,,76,Auckland,Nil,,,,,0,0,Open,0,,,Light rain,Null
1802413,5816091,4794,,530100,0,,0,3,,North,2010/2011,PEACHGROVE ROAD,TE AROHA ST,,Minor Crash,No,2010,,North,,0,,Flat,,,,,,Bright sun,895400,1,0,0,2,,,0,,,,,,Waikato Region,Nil,2-way,Sealed,,0,0,,50,,Null,0,0,,16,Hamilton City,Traffic Signals,,,,,0,0,Urban,0,,,Fine,Null
1818979.129,5535941.584,4795,,561901,0,0,0,0,1,South,2018/2019,054-0038/04.29,NEWBURY LINE,,Minor Crash,Yes,2019,0,North,1,0,0,Flat,0,,0,,0,Dark,1795100,1,0,0,2,0,0,0,0,0,,0,0,Manawatu-Wanganui Region,Nil,2-way,Sealed,0,0,0,0,100,0,None,0,0,,39,Manawatu District,Unknown,0,0,0,0,0,0,Open,1,0,0,Fine,Frost
1751177,5434767,4796,,573700,0,,0,1,,Null,2001/2002,MOOREFIELD ROAD,BRODERICK ROAD,,Non-Injury Crash,No,2002,,East,,0,,Hill Road,,,,,,Bright sun,2082700,0,0,0,3,,,0,,,,,,Wellington Region,Nil,2-way,Sealed,,0,0,,50,,Null,0,0,,47,Wellington City,Traffic Signals,,,,,0,0,Urban,1,,,Fine,Null
1762286,5907075,4797,,524301,0,,0,0,,North,2016/2017,MASSEY ROAD,BUCKLAND ROAD,,Non-Injury Crash,No,2017,,North,,0,,Flat,,,,,,Dark,746400,0,0,0,2,,,0,,,,,,Auckland Region,Nil,2-way,Sealed,,0,0,,50,,On,1,0,,76,Auckland,Traffic Signals,,,,,1,0,Urban,0,,,Null,Null
1570039,5189239,4798,,590400,0,0,0,1,0,South,2014/2015,SH 1S,BELFAST ROAD,,Non-Injury Crash,Yes,2014,0,North,0,0,1,Flat,0,,0,,0,Dark,2514602,0,0,0,2,0,0,0,0,1,,0,0,Canterbury Region,Nil,2-way,Sealed,0,0,0,0,60,0,On,1,0,,60,Christchurch City,Unknown,0,0,0,0,0,0,Urban,0,0,0,Fine,Null