X,Y,OBJECTID,advisorySpeed,areaUnitID,bicycle,bridge,bus,carStationWagon,cliffBank,crashDirectionDescription,crashFinancialYear,crashLocation1,crashLocation2,crashRoadSideRoad,crashSeverity,crashSHDescription,crashYear,debris,directionRoleDescription,ditch,fatalCount,fence,flatHill,guardRail,holiday,houseOrBuilding,intersection,kerb,light,meshblockId,minorInjuryCount,moped,motorcycle,NumberOfLanes,objectThrownOrDropped,otherObject,otherVehicleType,overBank,parkedVehicle,pedestrian,phoneBoxEtc,postOrPole,region,roadCharacter,roadLane,roadSurface,roadworks,schoolBus,seriousInjuryCount,slipOrFlood,speedLimit,strayAnimal,streetLight,suv,taxi,temporarySpeedLimit,tlaId,tlaName,trafficControl,trafficIsland,trafficSign,train,tree,truck,unknownVehicleType,urban,vanOrUtility,vehicle,waterRiver,weatherA,weatherB
1293897,5043486,4799,,608800,0,,0,2,,Null,2003/2004,HELWICK ST,BROWNSTON ST,,Non-Injury Crash,No,2003,,South,,0,,Hill Road,,Christmas New Year,,,,Overcast,3036100,0,0,0,2,,,0,,,,,,Otago Region,Nil,2-way,Sealed,,0,0,,50,,Null,0,0,,70,Queenstown-Lakes District,Stop,,,,,0,0,Urban,0,,,Fine,Null
1690229,5675722,4800,,551400,0,,0,2,,East,2014/2015,SH 44,WHITELEY ST,,Non-Injury Crash,Yes,2014,,West,,0,,Flat,,,,,,Bright sun,1586800,0,0,0,2,,,0,,,,,,Taranaki Region,Nil,2-way,Sealed,,0,0,,50,,Null,0,0,,33,New Plymouth District,Give way,,,,,0,0,Urban,0,,,Fine,Null
1784100,5746130,4801,,531731,0,0,0,0,1,Null,2001/2002,SH 3,SH 4,,Non-Injury Crash,Yes,2002,0,North,0,0,0,Flat,0,,0,,0,Dark,1011000,0,0,0,3,0,0,0,0,0,,0,0,Waikato Region,Nil,2-way,Sealed,0,0,0,0,50,0,On,0,0,,20,Waitomo District,Give way,0,0,0,0,1,0,Urban,0,0,0,Fine,Null
1753314,5933032,4802,,508807,0,,0,2,,East,2015/2016,GREVILLE OFF NBD,TAWA DRIVE,,Minor Crash,Yes,2016,,West,,0,,Flat,,,,,,Overcast,180811,1,0,0,3,,,0,,,,,,Auckland Region,Nil,1-way,Sealed,,0,0,,80,,Null,0,0,,76,Auckland,Unknown,,,,,0,0,Open,0,,,Heavy rain,Null
1572564,5178957,4803,,594200,0,0,0,1,0,East,2011/2012,SHORT ST,GRAFTON ST,,Non-Injury Crash,No,2012,0,East,0,0,1,Flat,0,Christmas New Year,0,,0,Dark,2580600,0,0,0,2,0,0,0,0,0,,0,0,Canterbury Region,Nil,2-way,Sealed,0,0,0,0,50,0,On,0,0,,60,Christchurch City,Unknown,0,0,0,0,0,0,Urban,0,0,0,Fine,Null
1460305,5082650,4804,,599500,0,,0,1,,South,2013/2014,GREY ROAD,DEE ST,,Non-Injury Crash,No,2013,,South,,0,,Hill Road,,,,,,Bright sun,2793900,0,0,1,2,,,0,,,,,,Canterbury Region,Nil,2-way,Sealed,,0,0,,50,,Null,0,0,,64,Timaru District,Nil,,,,,0,0,Urban,0,,,Fine,Null
1758305,5905845,4805,,524200,0,,0,1,,West,2006/2007,MONTGOMERIE ROAD,RENNIE DRIVE,,Non-Injury Crash,No,2006,,West,,0,,Flat,,,,,,Bright sun,726400,0,0,0,2,,,0,,,,,,Auckland Region,Nil,2-way,Sealed,,0,0,,50,,Off,0,0,,76,Auckland,Nil,,,,,0,0,Urban,1,,,Fine,Null
1759442,5915529,4806,,519400,0,,0,2,,West,2017/2018,GREEN LANE WEST,MAUNGAKIEKIE AVENUE,,Non-Injury Crash,No,2017,,East,,0,,Hill Road,,,,,,Bright sun,616600,0,0,0,4,,,0,,,,,,Auckland Region,Nil,2-way,Sealed,,0,0,,50,,Null,0,0,,76,Auckland,Unknown,,,,,0,0,Urban,0,,,Fine,Null
1752811,5439740,4807,,572500,0,0,0,1,0,East,2010/2011,PEMBROKE ST,REDWOOD AVENUE,,Non-Injury Crash,No,2010,0,East,0,0,0,Hill Road,0,,0,,0,Dark,1985900,0,0,0,2,0,0,0,0,0,,0,1,Wellington Region,Nil,2-way,Sealed,0,0,0,0,50,0,On,0,0,,47,Wellington City,Give way,0,1,0,0,0,0,Urban,0,0,0,Fine,Null
1752837,5933222,4808,,508807,0,0,0,1,0,Null,2005/2006,ALBANY EXPRESSWAY,DATA WAY,,Non-Injury Crash,No,2005,0,East,0,0,0,Hill Road,0,,0,,0,Dark,180405,0,0,0,2,0,0,0,0,0,,0,0,Auckland Region,Nil,1-way,Sealed,0,0,0,0,80,0,On,0,0,,76,Auckland,Give way,1,0,0,0,0,0,Open,0,0,0,Fine,Null
1769438,5901890,4809,,524901,0,,0,2,,Null,2005/2006,GRANDE VUE ROAD,MANUREWA ON NBD,,Minor Crash,No,2006,,South,,0,,Flat,,,,,,Overcast,756000,2,0,0,3,,,0,,,,,,Auckland Region,Nil,2-way,Sealed,,0,0,,50,,Off,0,0,,76,Auckland,Nil,,,,,0,0,Urban,0,,,Fine,Null
1755139,5944667,4810,,505908,0,,0,2,,Null,2000/2001,WHANGAPARAOA ROAD,TOTARA ROAD,,Non-Injury Crash,No,2000,,East,,0,,Flat,,,,,,Bright sun,173603,0,0,0,2,,,0,,,,,,Auckland Region,Nil,2-way,Sealed,,0,0,,50,,Off,0,0,,76,Auckland,Stop,,,,,0,0,Urban,0,,,Fine,Null
1750891,5425889,4811,,576800,1,0,0,1,0,South,2008/2009,EVANS BAY PARADE,MAIDA VALE ROAD,,Serious Crash,No,2008,0,South,0,0,0,Flat,0,,0,,0,Twilight,2182503,0,0,0,2,0,0,0,0,0,,0,0,Wellington Region,Nil,2-way,Sealed,0,0,1,0,50,0,On,0,0,,47,Wellington City,Nil,0,0,0,0,0,0,Urban,0,1,0,Fine,Null
1763149,5426806,4812,,565300,0,,0,0,,South,2004/2005,COAST ROAD,HINE ROAD,,Minor Crash,No,2005,,South,,0,,Flat,,,,,,Bright sun,2025400,1,0,1,2,,,0,,,,,,Wellington Region,Nil,2-way,Sealed,,0,0,,100,,Null,0,0,,46,Lower Hutt City,Nil,,,,,0,0,Open,0,,,Fine,Null
1794520,5833838,4813,,527123,0,0,0,1,0,Null,2017/2018,SH 1N,SH 1B,,Non-Injury Crash,Yes,2018,0,North,0,0,0,Hill Road,0,,0,,0,Dark,951001,0,0,0,2,0,0,0,0,0,,0,0,Waikato Region,Motorway ramp,2-way,Sealed,0,0,0,0,70,0,On,0,0,,13,Waikato District,Give way,1,0,0,0,0,0,Urban,0,0,0,Fine,Null
1561940,5180159,4814,,587812,0,,0,1,,Null,2003/2004,BUCHANANS ROAD,VANGUARD DRIVE E,,Minor Crash,No,2003,,West,,0,,Flat,,,,,,Bright sun,2489002,1,0,0,2,,,0,,,,,,Canterbury Region,Nil,2-way,Sealed,,0,0,,50,,Null,0,0,,60,Christchurch City,Give way,,,,,0,0,Urban,1,,,Fine,Null
1798617,5820791,4815,,527006,0,,0,2,,Null,2016/2017,ENDEAVOUR AVENUE,RIVER ROAD,,Non-Injury Crash,No,2016,,West,,0,,Flat,,,,,,Bright sun,952105,0,0,0,2,,,0,,,,,,Waikato Region,Nil,2-way,Sealed,,0,0,,50,,Null,0,0,,16,Hamilton City,Give way,,,,,0,0,Urban,0,,,Fine,Null
1944422,5790000,4816,,542520,0,,0,1,,Null,2001/2002,SH 30,TE RAHU ROAD,,Minor Crash,Yes,2002,,East,,0,,Flat,,,,,,Bright sun,1297701,2,0,0,2,,,0,,,,,,Bay of Plenty Region,Nil,2-way,Sealed,,0,0,,100,,Off,0,0,,25,Whakatane District,Give way,,,,,0,0,Open,1,,,Fine,Null
1406855,4913365,4817,,605600,0,,0,2,,Null,2010/2011,JOHN WILSON OCEAN DRIVE,VICTORIA ROAD,,Minor Crash,No,2011,,North,,0,,Flat,,,,,,Dark,2952600,1,0,0,2,,,0,,,,,,Otago Region,Nil,2-way,Sealed,,0,0,,50,,On,0,0,,71,Dunedin City,Give way,,,,,0,0,Urban,0,,,Fine,Null
1761225,5916666,4818,,516003,0,,0,2,,Null,2004/2005,REMUERA ROAD,LADIES MILE,,Non-Injury Crash,No,2005,,West,,0,,Flat,,,,,,Dark,495900,0,0,0,2,,,0,,,,,,Auckland Region,Nil,2-way,Sealed,,0,0,,50,,On,0,0,,76,Auckland,Traffic Signals,,,,,0,0,Urban,0,,,Fine,Null
2027935,5723725,4819,,544001,0,,0,1,,North,2017/2018,SH 2,NGAKOROA ROAD,,Minor Crash,Yes,2017,,East,,0,,Flat,,,,,,Overcast,1357400,1,0,0,2,,,1,,,,,,Gisborne Region,Nil,2-way,Sealed,,0,0,,100,,Null,0,0,30,28,Gisborne District,Unknown,,,,,0,0,Open,0,,,Fine,Null
1767587,5904632,4820,,524604,0,,0,1,,Null,2003/2004,GREAT SOUTH ROAD,BAKERFIELD PLACE,,Non-Injury Crash,No,2003,,South,,0,,Flat,,,,,,Overcast,780302,0,0,0,2,,,0,,,,,,Auckland Region,Nil,2-way,Sealed,,0,0,,50,,On,0,0,,76,Auckland,Traffic Signals,,,,,0,0,Urban,1,,,Heavy rain,Null
1936560,5619093,4821,,546600,0,,0,2,,South,2005/2006,CHAMBERS ST,ELLISON ST,,Non-Injury Crash,No,2006,,South,,0,,Flat,,,,,,Bright sun,1434700,0,0,0,2,,,0,,,,,,Hawke's Bay Region,Nil,2-way,Sealed,,0,0,,50,,Null,0,0,,31,Napier City,Nil,,,,,0,0,Urban,0,,,Fine,Null
1767427,5905882,4822,,522302,0,0,1,2,0,North,2002/2003,SH 1N,TE IRIRANGI ON NBD,,Non-Injury Crash,Yes,2003,0,North,0,0,0,Flat,0,,0,,0,Overcast,670902,0,0,0,6,0,0,0,0,0,,0,2,Auckland Region,Nil,2-way,Sealed,0,0,0,0,100,0,Off,0,0,,76,Auckland,Nil,0,0,0,0,0,0,Open,0,0,0,Light rain,Null
1929956,5604530,4823,,548200,0,,0,2,,Null,2004/2005,HASTINGS ST SOUTH,EASTBOURNE ST EAST,,Non-Injury Crash,No,2005,,East,,0,,Flat,,,,,,Bright sun,1493200,0,0,0,2,,,0,,,,,,Hawke's Bay Region,Nil,2-way,Sealed,,0,0,,50,,Null,0,0,,30,Hastings District,Give way,,,,,0,0,Urban,0,,,Fine,Null
1768435,5472204,4824,,565901,0,,0,2,,Null,2013/2014,MAZENGARB ROAD,MICHAEL ROAD,,Non-Injury Crash,No,2014,,North,,0,,Flat,,,,,,Overcast,2000600,0,0,0,2,,,0,,,,,,Wellington Region,Nil,2-way,Sealed,,0,0,,50,,Off,0,0,,43,Kapiti Coast District,Give way,,,,,0,0,Urban,0,,,Heavy rain,Null
1754878,5919017,4825,,515410,0,0,0,1,0,South,2016/2017,DRYDEN ST,FIRTH ROAD,,Non-Injury Crash,No,2016,0,South,0,0,0,Flat,0,,0,,0,Bright sun,408000,0,0,0,2,0,0,0,0,1,,0,0,Auckland Region,Nil,2-way,Sealed,0,0,0,0,50,0,Null,1,0,,76,Auckland,Unknown,0,0,0,0,0,0,Urban,0,0,0,Fine,Null
1820005,5522628,4826,,561820,0,,0,2,,Null,2002/2003,SH 57,CAMP ROAD,,Non-Injury Crash,Yes,2003,,North,,0,,Flat,,,,,,Overcast,1797300,0,0,0,2,,,0,,,,,,Manawatu-Wanganui Region,Nil,2-way,Sealed,,0,0,,100,,Null,0,0,,40,Palmerston North City,Stop,,,,,0,0,Open,0,,,Fine,Null
1799204,5814544,4827,,528900,0,,0,1,,North,2014/2015,COLOMBO ST,KILLARNEY ROAD,,Non-Injury Crash,No,2014,,North,,0,,Flat,,,,,,Overcast,915900,0,0,0,2,,,0,,,,,,Waikato Region,Nil,2-way,Sealed,,0,0,,50,,Null,1,0,,16,Hamilton City,Unknown,,,,,0,0,Urban,0,,,Fine,Null
1758297,5917019,4828,,519200,0,,0,1,,North,2010/2011,MANUKAU ROAD,KIPLING AVENUE,,Non-Injury Crash,No,2011,,North,,0,,Flat,,,,,,Overcast,613900,0,0,1,4,,,0,,,,,,Auckland Region,Nil,2-way,Sealed,,0,0,,50,,Off,0,0,,76,Auckland,Nil,,,,,0,0,Urban,0,,,Light rain,Null
1847594,5855805,4829,,534200,0,,0,1,,East,2003/2004,SH 2,WAITAWHETA ROAD,,Serious Crash,Yes,2004,,West,,0,,Flat,,,,,,Overcast,1085200,1,0,0,2,,,0,,,,,,Waikato Region,Nil,2-way,Sealed,,0,1,,100,,None,0,0,,12,Hauraki District,Nil,,,,,0,0,Open,1,,,Light rain,Null
1881889,5779416,4830,,538602,0,,0,1,,Null,2014/2015,SH 36,SH 5,,Minor Crash,Yes,2014,,South,,0,,Flat,,,,,,Bright sun,1247200,1,0,0,1,,,0,,,,,,Bay of Plenty Region,Nil,2-way,Sealed,,0,0,,50,,Null,0,0,,24,Rotorua District,Give way,,,,,1,0,Urban,0,,,Fine,Null
1578120,5181940,4831,,595800,0,0,0,1,0,Null,2008/2009,SHACKLETON ST,UNION ST,,Non-Injury Crash,No,2009,0,North,0,0,0,Flat,0,,0,,0,Dark,2558300,0,0,0,1,0,0,0,0,0,,0,1,Canterbury Region,Nil,2-way,Sealed,0,0,0,0,50,0,On,0,0,,60,Christchurch City,Nil,0,0,0,0,0,0,Urban,0,0,0,Mist or Fog,Null
1695530,6095317,4832,,501200,0,,0,2,,Null,2017/2018,HARURU FALLS ROAD,SH 11,,Non-Injury Crash,Yes,2018,,South,,0,,Hill Road,,,,,,Bright sun,50803,0,0,0,2,,,0,,,,,,Northland Region,Nil,2-way,Sealed,,0,0,,50,,Null,0,0,,1,Far North District,Stop,,,,,0,0,Urban,0,,,Fine,Null
1761419,5914329,4833,,520202,0,,0,2,,Null,2016/2017,PENROSE INT,PENROSE OFF SBD,,Non-Injury Crash,Yes,2017,,East,,0,,Hill Road,,,,,,Dark,612501,0,0,0,2,,,0,,,,,,Auckland Region,Motorway ramp,1-way,Sealed,,0,0,,50,,On,0,0,,76,Auckland,Give way,,,,,0,0,Urban,0,,,Fine,Null
1768822,5911596,4834,,523107,0,,0,2,,East,2017/2018,TI RAKAU DRIVE,BURSWOOD DRIVE,,Non-Injury Crash,No,2017,,East,,0,,Flat,,,,,,Bright sun,711402,0,0,0,3,,,0,,,,,,Auckland Region,Nil,1-way,Sealed,,0,0,,60,,Null,0,0,,76,Auckland,Unknown,,,,,0,0,Urban,0,,,Null,Null
1754504,5918171,4835,,517600,0,0,0,3,0,South,2004/2005,MOUNTAIN VIEW ROAD,LEVONIA ST,,Minor Crash,No,2005,0,North,0,0,0,Hill Road,0,,0,,0,Dark,533100,1,0,0,2,0,0,0,0,1,,0,0,Auckland Region,Nil,2-way,Sealed,0,0,0,0,50,0,Off,0,0,,76,Auckland,Nil,0,0,0,0,0,0,Urban,0,0,0,Fine,Null
1452426.227,5055419.697,4836,,600410,0,0,0,1,1,South,2019/2020,WAIMATE HIGHWAY,MAKIKIHI STATION ROAD,,Non-Injury Crash,Yes,2020,0,South,1,0,0,Flat,0,,0,,0,Overcast,2816500,0,0,0,2,0,0,0,0,0,,0,0,Canterbury Region,Nil,2-way,Sealed,0,0,0,0,100,0,None,0,0,,66,Waimate District,Nil,0,0,0,0,0,0,Open,0,0,0,Mist or Fog,Null
1771523,5914219,4837,,521602,0,,0,2,,Null,2007/2008,WELLINGTON ST,VINCENT ST,,Non-Injury Crash,No,2007,,North,,0,,Flat,,,,,,Bright sun,649600,0,0,0,2,,,0,,,,,,Auckland Region,Nil,2-way,Sealed,,0,0,,50,,Off,0,0,,76,Auckland,Give way,,,,,0,0,Urban,0,,,Fine,Null
1817028,5802959,4838,,527503,0,,0,1,,Null,2004/2005,DUKE ST,WILSON ST,,Non-Injury Crash,No,2005,,North,,0,,Flat,,,,,,Overcast,965000,0,0,0,2,,,0,,,,,,Waikato Region,Nil,2-way,Sealed,,0,0,,50,,Null,0,0,,17,Waipa District,Give way,,,,,1,0,Urban,0,,,Fine,Null
1756182,5917891,4839,,518101,0,,0,1,,North,2014/2015,DOMINION ROAD,VIEW ROAD,,Minor Crash,No,2014,,South,,0,,Flat,,,,,,Dark,544900,1,0,0,4,,,0,,,1,,,Auckland Region,Nil,2-way,Sealed,,0,0,,50,,On,0,0,,76,Auckland,Traffic Signals,,,,,0,0,Urban,0,,,Fine,Null
1767866.917,5908305.249,4840,,523502,0,0,0,2,0,South,2018/2019,HAMILL RD,BLAMPIED ROAD,,Non-Injury Crash,No,2019,0,North,0,0,0,Flat,0,Easter,0,,0,Dark,703100,0,0,0,2,0,0,0,0,1,,0,0,Auckland Region,Speed hump,2-way,Sealed,0,0,0,0,50,0,On,0,0,,76,Auckland,Unknown,0,0,0,0,0,0,Urban,0,0,0,Fine,Null
1793687,5771230,4841,,531200,0,,0,2,,South,2000/2001,SH 3,BALLANCE ST,,Minor Crash,Yes,2000,,South,,0,,Flat,,,,,,Bright sun,998100,1,0,0,2,,,0,,,,,,Waikato Region,Nil,2-way,Sealed,,0,0,,50,,Off,0,0,,18,Otorohanga District,Nil,,,,,0,0,Urban,0,,,Fine,Null
1756707.087,5911635.681,4842,,518702,0,,0,1,,North,2019/2020,FREDERICK STREET,GOODALL STREET,,Minor Crash,No,2020,,South,,0,,Flat,,,,,,Dark,571600,1,0,0,2,,,0,,,,,,Auckland Region,Nil,2-way,Sealed,,0,0,,50,,On,0,0,,76,Auckland,Nil,,,,,0,0,Urban,0,,,Light rain,Null
1760356.992,5923160.417,4843,,509400,0,,0,1,,South,2019/2020,LAKE ROAD,OWENS ROAD,,Non-Injury Crash,No,2020,,South,,0,,Hill Road,,,,,,Overcast,332200,0,0,1,2,,,0,,,,,,Auckland Region,Nil,2-way,Sealed,,0,0,,50,,Off,0,0,,76,Auckland,Nil,,,,,0,0,Urban,0,,,Light rain,Null
1744786,5924262,4844,,513521,0,0,0,2,0,West,2008/2009,HOBSONVILLE ROAD,TRIG ROAD,,Non-Injury Crash,No,2009,0,West,0,0,0,Flat,0,,0,,0,Bright sun,224224,0,0,0,2,0,0,0,0,1,,0,0,Auckland Region,Nil,2-way,Sealed,0,0,0,0,50,0,Null,0,0,,76,Auckland,Unknown,0,0,0,0,0,0,Urban,0,0,0,Fine,Null
1302153,5005896,4845,,608600,0,0,0,1,0,West,2004/2005,SH 8B,DEAD MANS POINT BR,,Minor Crash,Yes,2004,0,East,0,0,1,Flat,0,,0,,0,Bright sun,3031510,1,0,0,2,0,0,0,0,0,,0,0,Otago Region,Nil,2-way,Sealed,0,0,0,0,100,0,Null,0,0,,69,Central Otago District,Unknown,0,0,0,0,0,0,Open,0,0,0,Fine,Null
1822636,5463922,4846,,578700,0,0,0,1,0,West,2007/2008,COLE ST,KUMMER CRESCENT,,Non-Injury Crash,No,2008,0,West,0,0,1,Flat,0,,0,,0,Dark,2236500,0,0,0,2,0,0,0,0,0,,0,0,Wellington Region,Nil,2-way,Sealed,0,0,0,0,50,0,On,0,0,,48,Masterton District,Nil,0,0,0,0,0,0,Urban,0,0,0,Fine,Null
1708284,5682356,4847,,550700,0,0,0,1,0,Null,2007/2008,SH 3,PRINCESS ST,,Non-Injury Crash,Yes,2007,0,West,0,0,0,Flat,1,,0,,0,Dark,1550800,0,0,0,2,0,0,0,0,0,,0,1,Taranaki Region,Nil,2-way,Sealed,0,0,0,0,100,0,On,1,0,,33,New Plymouth District,Stop,0,1,0,1,0,0,Open,0,0,0,Fine,Null
1769888,5899053,4848,,523920,0,0,0,1,0,Null,2001/2002,SH 1N,TAKANINI ON SBD,,Minor Crash,Yes,2001,0,South,0,0,0,Flat,0,,0,,0,Dark,768005,1,0,0,3,0,0,0,0,0,,0,1,Auckland Region,Nil,1-way,Sealed,0,0,0,0,100,0,On,0,0,,76,Auckland,Nil,0,0,0,1,0,0,Open,0,0,0,Fine,Null
1742726,5997423,4849,45,506660,0,0,0,0,0,South,2008/2009,MANGAWHAI ROAD,CARTER ROAD,,Minor Crash,No,2008,0,North,0,0,1,Flat,0,,0,,0,Overcast,135201,1,0,1,2,0,0,0,0,0,,0,0,Auckland Region,Nil,2-way,Sealed,0,0,0,0,100,0,None,0,0,,76,Auckland,Nil,0,0,0,0,0,0,Open,0,0,0,Fine,Null
1567110,5177484,4850,,595300,0,,0,2,,Null,2014/2015,SH 75,HOON HAY ROAD,,Non-Injury Crash,Yes,2015,,North,,0,,Flat,,,,,,Bright sun,2631701,0,0,0,4,,,0,,,,,,Canterbury Region,Nil,2-way,Sealed,,0,0,,50,,Off,0,0,,60,Christchurch City,Traffic Signals,,,,,0,0,Urban,0,,,Fine,Null
1754502,5444245,4851,,570800,0,,0,2,,Null,2005/2006,TITAHI BAY ROAD,KENEPURU DRIVE,,Non-Injury Crash,No,2005,,West,,0,,Flat,,,,,,Overcast,2052700,0,0,0,2,,,0,,,,,,Wellington Region,Nil,2-way,Sealed,,0,0,,50,,Null,0,0,,44,Porirua City,Give way,,,,,0,0,Urban,0,,,Fine,Null
1731712.191,6040624.582,4852,,501818,0,0,0,1,1,Null,2018/2019,WHANGAREI HEADS ROAD,WHARF ROAD,,Non-Injury Crash,No,2019,0,South,0,0,0,Hill Road,0,,0,,0,Overcast,73601,0,0,0,2,0,0,0,0,0,,0,0,Northland Region,Nil,2-way,Sealed,0,0,0,0,50,0,Null,0,0,,2,Whangarei District,Give way,0,0,0,0,0,1,Urban,0,0,0,Heavy rain,Null
1753175,5933679,4853,,508804,0,,0,2,,North,2013/2014,SH 1N,GREVILLE OFF SBD,,Minor Crash,Yes,2013,,South,,0,,Hill Road,,,,,,Overcast,180605,1,0,0,3,,,0,,,,,,Auckland Region,Nil,1-way,Sealed,,0,0,,100,,Off,0,0,,76,Auckland,Nil,,,,,0,0,Open,0,,,Light rain,Null
1751657,5423104,4854,,577000,0,,0,2,,Null,2006/2007,ACCESS ROAD,ANZ TERMINAL,,Non-Injury Crash,No,2006,,North,,0,,Flat,,,,,,Dark,2175700,0,0,0,1,,,0,,,,,,Wellington Region,Nil,Off road,Sealed,,0,0,,50,,On,0,0,,47,Wellington City,Nil,,,,,0,0,Urban,0,,,Fine,Null
1764187,5908967,4855,,521901,0,,0,2,,Null,2010/2011,MANGERE ROAD,PIKI THOMPSON WAY,,Non-Injury Crash,No,2011,,East,,0,,Flat,,,,,,Dark,785200,0,0,0,5,,,0,,,,,,Auckland Region,Nil,2-way,Sealed,,0,0,,50,,On,0,0,,76,Auckland,Nil,,,,,0,0,Urban,0,,,Fine,Null
1751752,5926503,4856,,510220,0,,0,1,,Null,2002/2003,BIRKDALE ROAD,ESKDALE ROAD,,Non-Injury Crash,No,2002,,North,,0,,Flat,,,,,,Bright sun,349000,0,0,0,2,,,0,,,,,,Auckland Region,Nil,2-way,Sealed,,0,0,,50,,Off,0,0,,76,Auckland,Give way,,,,,0,0,Urban,1,,,Fine,Null
1764010,5915033,4857,,520303,0,,0,2,,West,2012/2013,ELLERSLIE-PANMURE HIGHWAY,LUNN AVENUE,,Minor Crash,No,2013,,East,,0,,Flat,,,,,,Overcast,626802,1,0,0,3,,,0,,,,,,Auckland Region,Nil,2-way,Sealed,,0,0,,50,,Off,0,0,,76,Auckland,Nil,,,,,0,0,Urban,0,,,Fine,Null
1751682,5435552,4858,,573600,0,0,0,0,0,South,2016/2017,MIDDLETON ROAD,BURDENDALE GROVE,,Non-Injury Crash,No,2017,0,North,0,0,0,Hill Road,0,,0,,0,Twilight,2081000,0,0,0,2,0,0,0,0,1,,0,0,Wellington Region,Nil,2-way,Sealed,0,0,0,0,50,0,On,2,0,,47,Wellington City,Unknown,0,0,0,0,0,0,Urban,0,0,0,Null,Null
1768916,5900839,4859,,525002,0,,0,0,,Null,2013/2014,GREAT SOUTH ROAD,ALFRISTON ROAD,,Non-Injury Crash,No,2013,,South,,0,,Flat,,,,,,Bright sun,752802,0,0,0,2,,,0,,,1,,,Auckland Region,Nil,2-way,Sealed,,0,0,,50,,Off,1,0,,76,Auckland,Give way,,,,,0,0,Urban,0,,,Fine,Null
1793002,5505260,4860,,564021,0,,0,1,,North,2007/2008,SH 1N,KAWIU ROAD,,Non-Injury Crash,Yes,2008,,North,,0,,Flat,,,,,,Bright sun,1854901,0,0,0,2,,,0,,,,,,Manawatu-Wanganui Region,Nil,2-way,Sealed,,0,0,,100,,Null,1,0,,42,Horowhenua District,Nil,,,,,0,0,Open,0,,,Fine,Null
1768712.753,5881061.369,4861,,525910,0,,0,1,,Null,2020/2021,QUEEN STREET,WESLEY STREET,,Non-Injury Crash,No,2020,,South,,0,,Flat,,,,,,Bright sun,818800,0,0,0,2,,,0,,,,,,Auckland Region,Nil,2-way,Sealed,,0,0,,50,,Off,0,0,,76,Auckland,Give way,,,,,0,0,Urban,1,,,Fine,Null
1614969,5423658,4862,,584202,0,0,0,2,0,North,2005/2006,SH 6,WAVERLEY ST,,Non-Injury Crash,Yes,2006,0,South,0,0,0,Flat,0,,0,,0,Overcast,2364400,0,0,0,2,0,0,0,0,1,,0,0,Tasman Region,Nil,2-way,Sealed,0,0,0,0,50,0,Null,0,0,,51,Tasman District,Nil,0,0,0,0,0,0,Urban,0,0,0,Fine,Null
1755144,5929674,4863,,508420,0,,0,1,,North,2000/2001,LINK DRIVE,CROFTFIELD LANE,,Non-Injury Crash,No,2000,,North,,0,,Hill Road,,,,,,Overcast,183800,0,0,0,2,,,0,,,1,,,Auckland Region,Nil,2-way,Sealed,,0,0,,50,,Off,0,0,,76,Auckland,Nil,,,,,0,0,Urban,0,,,Fine,Null
1831407,5855848,4864,,533901,0,0,0,1,0,North,2017/2018,AWAITI ROAD,PAEROA TAHUNA ROAD,,Minor Crash,No,2018,0,North,1,0,0,Flat,0,,0,,0,Bright sun,1066300,1,0,0,2,0,0,0,0,0,,0,0,Waikato Region,Nil,2-way,Sealed,0,0,0,0,100,0,Null,0,0,,12,Hauraki District,Unknown,0,0,0,0,1,0,Open,0,0,0,Fine,Null
1804704,5445763,4865,,579803,0,,0,1,,South,2015/2016,BIDWILLS CUTTING ROAD,SH 2,,Minor Crash,No,2016,,West,,0,,Flat,,,,,,Bright sun,2270600,1,0,0,2,,,0,,,,,,Wellington Region,Nil,2-way,Sealed,,0,0,,100,,Null,1,0,,50,South Wairarapa District,Nil,,,,,0,0,Open,0,,,Fine,Null