X,Y,OBJECTID,advisorySpeed,areaUnitID,bicycle,bridge,bus,carStationWagon,cliffBank,crashDirectionDescription,crashFinancialYear,crashLocation1,crashLocation2,crashRoadSideRoad,crashSeverity,crashSHDescription,crashYear,debris,directionRoleDescription,ditch,fatalCount,fence,flatHill,guardRail,holiday,houseOrBuilding,intersection,kerb,light,meshblockId,minorInjuryCount,moped,motorcycle,NumberOfLanes,objectThrownOrDropped,otherObject,otherVehicleType,overBank,parkedVehicle,pedestrian,phoneBoxEtc,postOrPole,region,roadCharacter,roadLane,roadSurface,roadworks,schoolBus,seriousInjuryCount,slipOrFlood,speedLimit,strayAnimal,streetLight,suv,taxi,temporarySpeedLimit,tlaId,tlaName,trafficControl,trafficIsland,trafficSign,train,tree,truck,unknownVehicleType,urban,vanOrUtility,vehicle,waterRiver,weatherA,weatherB
1550898,5182477,4866,,587904,0,0,0,1,0,North,2012/2013,ADAMS ROAD,HALKETT ROAD,,Minor Crash,No,2013,0,North,0,0,1,Flat,0,,0,,0,Dark,2492905,2,0,0,2,0,0,0,0,0,,0,1,Canterbury Region,Nil,2-way,Sealed,0,0,0,0,100,0,None,0,0,,62,Selwyn District,Unknown,0,0,0,0,0,0,Open,0,0,0,Fine,Null
1695443,5675853,4867,,552300,0,,0,2,,West,2006/2007,KARAKA ST,MIRO ST,,Minor Crash,No,2007,,East,,0,,Flat,,,,,,Bright sun,1603301,1,0,0,2,,,0,,,,,,Taranaki Region,Nil,2-way,Sealed,,0,0,,50,,Null,0,0,,33,New Plymouth District,Nil,,,,,0,0,Urban,0,,,Fine,Null
1766962,5900026,4868,,525101,0,0,0,1,0,East,2010/2011,WEYMOUTH ROAD,SYKES ROAD,,Non-Injury Crash,No,2010,0,East,0,0,0,Flat,0,,0,,0,Twilight,772903,0,0,0,2,0,0,0,0,1,,0,0,Auckland Region,Nil,2-way,Sealed,0,0,0,0,50,0,On,0,0,,76,Auckland,Unknown,0,0,0,0,0,0,Urban,1,0,0,Light rain,Null
1810730,5513412,4869,,564021,0,,0,0,,North,2013/2014,SH 57,KAIHINAU ROAD,,Non-Injury Crash,Yes,2014,,North,,0,,Flat,,Easter,,,,Overcast,1853700,0,0,0,1,,,0,,,,,,Manawatu-Wanganui Region,Nil,2-way,Sealed,,0,0,,100,,Null,1,0,,42,Horowhenua District,Unknown,,,,,0,0,Open,0,,,Fine,Strong wind
1460287,5083229,4870,,599000,0,,0,1,,Null,2000/2001,SH 1S,WAI-ITI ROAD,,Minor Crash,Yes,2000,,North,,0,,Flat,,,,,,Overcast,2780900,2,0,0,4,,,0,,,,,,Canterbury Region,Nil,2-way,Sealed,,0,0,,50,,Null,0,0,,64,Timaru District,Traffic Signals,,,,,0,0,Urban,1,,,Fine,Null
1756340,5912973,4871,,518701,0,,0,0,,West,2017/2018,SH 20,HILLSBOROUGH OFF EBD,,Non-Injury Crash,Yes,2017,,West,,0,,Flat,,,,,,Bright sun,569000,0,0,0,2,,,0,,,,,,Auckland Region,Nil,1-way,Sealed,,0,0,,100,,Null,1,0,,76,Auckland,Unknown,,,,,0,0,Open,1,,,Fine,Null
1804135,5808913,4872,75,527915,0,0,0,1,0,East,2002/2003,RAYNES ROAD,PEACOCKES ROAD,,Minor Crash,No,2003,0,West,0,0,1,Flat,0,,0,,0,Bright sun,984705,2,0,0,2,0,0,0,0,0,,0,0,Waikato Region,Nil,2-way,Sealed,0,0,0,0,100,0,None,0,0,,17,Waipa District,Nil,0,0,0,0,0,0,Open,0,0,0,Fine,Null
1873840,5818646,4873,,536514,0,,0,0,,Null,2015/2016,TAURIKURA DRIVE,SH 36,,Non-Injury Crash,Yes,2016,,East,,0,,Flat,,,,,,Bright sun,1191205,0,0,0,4,,,0,,,,,,Bay of Plenty Region,Nil,2-way,Sealed,,0,0,,50,,Null,0,0,,23,Tauranga City,Give way,,,,,1,0,Urban,1,,,Fine,Null
1754170,5444983,4874,,570700,0,,0,2,,Null,2006/2007,TITAHI BAY ROAD,PROSSER ST,,Non-Injury Crash,No,2006,,North,,0,,Flat,,,,,,Overcast,2037302,0,0,0,4,,,0,,,,,,Wellington Region,Nil,2-way,Sealed,,0,0,,70,,Null,0,0,,44,Porirua City,Give way,,,,,0,0,Urban,0,,,Light rain,Null
1767326,5464263,4875,,566102,0,,0,1,,Null,1999/2000,SH 1N,WATERFALL ROAD,,Minor Crash,Yes,2000,,North,,0,,Flat,,,,,,Overcast,2007702,1,0,0,4,,,0,,,,,,Wellington Region,Nil,2-way,Sealed,,0,0,,100,,Null,0,0,,43,Kapiti Coast District,Give way,,,,,0,0,Open,1,,,Light rain,Null
1763967.33,5912921.164,4876,,520500,0,,0,1,,East,2018/2019,SOUTH EASTERN HIGHWAY (WESTBOUND) (CWCE),DAYSPRING WAY,,Non-Injury Crash,No,2019,,West,,0,,Flat,,,,,,Overcast,637500,0,0,0,2,,,0,,,,,,Auckland Region,Overpass,1-way,Sealed,,0,0,,80,,Off,0,0,,76,Auckland,Unknown,,,,,2,0,Open,1,,,Fine,Null
1779716,5482239,4877,,564022,0,,0,1,,South,2004/2005,SH 1N,OLD HAUTERE ROAD,,Serious Crash,Yes,2004,,North,,0,,Flat,,,,,,Twilight,1884300,1,0,0,3,,,0,,,,,,Wellington Region,Nil,2-way,Sealed,,0,1,,100,,None,0,0,,43,Kapiti Coast District,Nil,,,,,0,0,Open,1,,,Light rain,Null
1759930.42,5436514.106,4878,,569100,0,,0,2,,Null,2019/2020,HIGH STREET,RAROA ROAD,,Serious Crash,No,2019,,North,,0,,Flat,,,,,,Bright sun,1967200,0,0,0,2,,,0,,,1,,,Wellington Region,Nil,2-way,Sealed,,0,1,,50,,Off,0,0,,46,Lower Hutt City,Give way,,,,,0,0,Urban,0,,,Fine,Null
1756109,5434645,4879,,569900,1,,0,1,,Null,2007/2008,HUTT ROAD,THE ESPLANADE,,Minor Crash,No,2008,,West,,0,,Flat,,,,,,Dark,2033800,1,0,0,2,,,0,,,,,,Wellington Region,Nil,2-way,Sealed,,0,0,,50,,On,0,0,,46,Lower Hutt City,Give way,,,,,0,0,Urban,0,,,Fine,Null
1748532,5913080,4880,,511401,0,,0,2,,Null,2015/2016,TITIRANGI ROAD,PARKER AVENUE,,Non-Injury Crash,No,2015,,West,,0,,Flat,,,,,,Bright sun,262600,0,0,0,3,,,0,,,,,,Auckland Region,Nil,2-way,Sealed,,0,0,,50,,Null,0,0,,76,Auckland,Give way,,,,,0,0,Urban,0,,,Fine,Null
1764350,5913591,4881,,520500,0,0,0,1,0,Null,2013/2014,CARBINE ROAD,SOUTH EASTERN HIGHWAY,,Non-Injury Crash,No,2014,0,West,0,0,0,Flat,0,,0,,0,Dark,638700,0,0,0,6,0,0,0,0,0,,0,1,Auckland Region,Nil,2-way,Sealed,0,0,0,0,50,0,On,0,0,,76,Auckland,Traffic Signals,0,0,0,0,0,0,Urban,0,0,0,Fine,Null
1783881.227,5863279.454,4882,,527210,0,0,0,0,0,East,2019/2020,HAMPTON DOWNS ROAD,HARNESS ROAD,,Non-Injury Crash,No,2019,0,South,0,0,0,Hill Road,0,,0,,0,Overcast,935600,0,0,0,2,0,0,0,0,0,,0,0,Waikato Region,Nil,2-way,Sealed,0,0,0,0,100,0,None,0,0,,13,Waikato District,Unknown,0,0,0,0,0,0,Open,1,0,0,Fine,Null
1767742,5913590,4883,,522820,0,0,0,1,0,East,2000/2001,PAKURANGA ROAD,ACMENA LANE,,Non-Injury Crash,No,2000,0,East,0,0,1,Flat,0,,0,,0,Dark,695002,0,0,0,4,0,0,0,0,0,,0,0,Auckland Region,Nil,2-way,Sealed,0,0,0,0,60,0,On,0,0,,76,Auckland,Nil,1,0,0,0,0,0,Urban,0,0,0,Fine,Null
1622721,5298842,4884,,585506,0,1,1,0,0,East,2017/2018,INLAND KAIKOURA ROAD,CONWAY RIV BR,,Non-Injury Crash,No,2018,0,West,0,0,0,Flat,0,,0,,0,Bright sun,2311100,0,0,0,1,0,0,0,0,0,,0,0,Canterbury Region,Bridge,2-way,Sealed,0,0,0,0,100,0,Null,0,0,,58,Hurunui District,Unknown,0,0,0,0,0,0,Open,0,0,0,Fine,Null
1933591,5609031,4885,,545722,0,0,0,1,0,North,2009/2010,JOHNSTON WAY,RANGITANE ROAD,,Non-Injury Crash,No,2009,0,West,0,0,1,Null,0,,0,,0,Dark,1405700,0,0,0,2,0,0,0,0,0,,0,0,Hawke's Bay Region,Nil,2-way,Sealed,0,0,0,0,30,0,On,0,0,,30,Hastings District,Nil,0,0,0,0,0,0,Urban,0,0,0,Fine,Null
1751909,5947513,4886,,505808,0,0,0,2,0,East,1999/2000,Z CPK BAY ST SC,RED BEACH ROAD,,Serious Crash,No,2000,0,South,1,0,1,Flat,0,,0,,0,Bright sun,173119,0,0,0,3,0,0,0,0,1,,0,0,Auckland Region,Nil,Off road,Sealed,0,0,1,0,50,0,Off,0,0,,76,Auckland,Unknown,0,0,0,0,0,0,Urban,0,0,0,Fine,Null
1568401,5178552,4887,,590900,0,,0,2,,Null,2008/2009,LINCOLN ROAD,BARRINGTON ST,,Non-Injury Crash,No,2008,,South,,0,,Flat,,,,,,Dark,2476400,0,0,0,4,,,0,,,,,,Canterbury Region,Nil,2-way,Sealed,,0,0,,50,,On,0,0,,60,Christchurch City,Traffic Signals,,,,,0,0,Urban,0,,,Light rain,Null
1772322,5893565,4888,,521201,0,,0,2,,South,2015/2016,SH 1N,PARK ESTATE OBR,,Minor Crash,Yes,2016,,North,,0,,Flat,,,,,,Bright sun,806800,1,0,0,2,,,0,,,,,,Auckland Region,Nil,1-way,Sealed,,0,0,,100,,Null,0,0,,76,Auckland,Unknown,,,,,0,0,Open,0,,,Fine,Null
1802593,5689191,4889,,532501,0,1,0,0,0,South,2000/2001,SH 4,TAITUA ST,,Non-Injury Crash,Yes,2001,0,North,0,0,0,Flat,0,,0,,0,Bright sun,1021700,0,0,0,2,0,0,0,0,0,,0,0,Manawatu-Wanganui Region,Bridge,2-way,Sealed,0,0,0,0,100,0,Null,0,0,,36,Ruapehu District,Nil,0,0,0,0,0,0,Open,1,0,0,Fine,Null
1792113,5878873,4890,55,521135,0,,0,1,,East,2015/2016,MANGATANGI ROAD,MANGATAWHIRI ROAD,,Minor Crash,No,2016,,East,,0,,Flat,,,,,,Dark,843500,2,0,0,2,,,0,,,,,,Waikato Region,Nil,2-way,Sealed,,0,0,,100,,None,0,0,,13,Waikato District,Unknown,,,,,0,0,Open,0,,,Fine,Null
1816138,5816788,4891,35,527131,0,0,0,0,0,Null,2009/2010,TAUWHARE ROAD,SCOTSMANS VALLEY ROAD,,Non-Injury Crash,No,2009,0,South,0,0,1,Flat,1,,0,,0,Overcast,957700,0,0,0,2,0,0,0,0,0,,0,1,Waikato Region,Nil,2-way,Sealed,0,0,0,0,70,0,Null,0,0,,13,Waikato District,Give way,0,0,0,0,1,0,Urban,0,0,0,Light rain,Null
1788847.316,5564761.28,4892,,559230,0,,0,1,,South,2019/2020,SH 3,FRANKLIN ROAD,,Non-Injury Crash,Yes,2020,,North,,0,,Flat,,,,,,Bright sun,1733800,0,0,0,2,,,0,,,,,,Manawatu-Wanganui Region,Nil,2-way,Sealed,,0,0,,70,,Off,0,0,,38,Rangitikei District,Nil,,,,,1,0,Urban,0,,,Fine,Null
1764835,5909495,4893,,521802,0,0,0,1,0,North,2003/2004,RODNEY ST,FAIRBURN ROAD,,Non-Injury Crash,No,2004,0,North,0,0,0,Flat,1,,0,,0,Overcast,788700,0,0,0,3,0,0,0,0,0,,0,0,Auckland Region,Nil,1-way,Sealed,0,0,0,0,50,0,Off,0,0,,76,Auckland,Nil,0,0,0,0,0,0,Urban,0,0,0,Heavy rain,Null
1767695,5907722,4894,,523502,0,,0,2,,Null,2000/2001,EAST TAMAKI ROAD,HILLS ROAD,,Non-Injury Crash,No,2001,,East,,0,,Flat,,,,,,Bright sun,704000,0,0,0,4,,,0,,,,,,Auckland Region,Nil,2-way,Sealed,,0,0,,50,,Off,0,0,,76,Auckland,Traffic Signals,,,,,0,0,Urban,0,,,Fine,Null
1756929,5920191,4895,,514102,0,,0,1,,North,2010/2011,HOBSON ST,COOK ST,,Minor Crash,No,2010,,South,,0,,Flat,,,,,,Overcast,434200,1,0,0,6,,,0,,,1,,,Auckland Region,Nil,1-way,Sealed,,0,0,,50,,Off,0,0,,76,Auckland,Nil,,,,,0,0,Urban,0,,,Light rain,Null
1718899,6046070,4896,,503000,0,,0,2,,Null,2006/2007,SH 1N,SELWYN AVENUE,,Non-Injury Crash,Yes,2006,,South,,0,,Flat,,,,,,Bright sun,98100,0,0,0,2,,,0,,,,,,Northland Region,Nil,2-way,Sealed,,0,0,,50,,Off,0,0,,2,Whangarei District,Traffic Signals,,,,,0,0,Urban,0,,,Fine,Null
1766789,5904020,4897,,524604,0,,0,2,,North,2012/2013,LAMBIE DRIVE,MANUKAU STATION ROAD,,Non-Injury Crash,No,2012,,South,,0,,Flat,,,,,,Overcast,780209,0,0,0,4,,,0,,,,,,Auckland Region,Nil,2-way,Sealed,,0,0,,50,,Null,0,0,,76,Auckland,Traffic Signals,,,,,0,0,Urban,0,,,Light rain,Null
1570659,5177967,4898,,594600,0,,0,2,,South,2003/2004,COLOMBO ST,MILTON ST,,Non-Injury Crash,No,2004,,North,,0,,Flat,,,,,,Dark,2620803,0,0,0,2,,,0,,,,,,Canterbury Region,Nil,2-way,Sealed,,0,0,,50,,On,0,0,,60,Christchurch City,Unknown,,,,,0,0,Urban,0,,,Fine,Null
1878583,5775098,4899,,538863,0,0,0,1,1,East,2011/2012,PARADISE VALLEY ROAD,TE MIRI ROAD,,Non-Injury Crash,No,2011,0,West,0,0,0,Hill Road,0,,0,,0,Dark,1265002,0,0,0,2,0,0,0,0,0,,0,0,Bay of Plenty Region,Nil,2-way,Sealed,0,0,0,0,100,0,None,0,0,,24,Rotorua District,Unknown,0,0,0,0,0,0,Open,0,0,0,Light rain,Null
1761417,5915915,4900,,516003,0,,0,2,,Null,2018/2019,LADIES MILE,ABBOTTS WAY,,Minor Crash,No,2018,,South,,0,,Flat,,,,,,Bright sun,494902,1,0,0,3,,,0,,,,,,Auckland Region,Nil,2-way,Sealed,,0,0,,50,,Null,0,0,,76,Auckland,Traffic Signals,,,,,0,0,Urban,0,,,Fine,Null
1819597.843,5527859.375,4901,,562910,0,0,0,2,0,East,2019/2020,RUGBY STREET,KETTLE AVENUE,,Non-Injury Crash,No,2019,0,East,0,0,0,Flat,0,,0,,0,Dark,1802500,0,0,0,2,0,0,0,0,1,,0,0,Manawatu-Wanganui Region,Nil,2-way,Sealed,0,0,0,0,50,0,On,0,0,,40,Palmerston North City,Unknown,0,0,0,0,0,0,Urban,0,0,0,Fine,Null
1876098,5819931,4902,,537601,0,,0,1,,Null,2001/2002,CAMERON ROAD,CHADWICK ROAD,,Non-Injury Crash,No,2001,,North,,0,,Hill Road,,,,,,Overcast,1175100,0,0,0,4,,,0,,,,,,Bay of Plenty Region,Nil,2-way,Sealed,,0,0,,50,,Off,0,0,,23,Tauranga City,Give way,,,,,1,0,Urban,0,,,Fine,Null
1767774,5904295,4903,,524604,0,,0,2,,Null,2017/2018,MANUKAU STATION ROAD,GREAT SOUTH ROAD,,Serious Crash,No,2018,,East,,0,,Flat,,,,,,Dark,780302,2,0,0,8,,,0,,,,,,Auckland Region,Nil,2-way,Sealed,,0,1,,50,,On,0,0,,76,Auckland,Traffic Signals,,,,,0,0,Urban,1,,,Light rain,Null
1805994,5444394,4904,,579803,0,0,0,1,0,South,2012/2013,BIDWILLS CUTTING ROAD,WARDS LINE,,Non-Injury Crash,No,2013,0,South,1,0,0,Flat,0,,0,,0,Dark,2271600,0,0,0,2,0,0,0,0,0,,0,0,Wellington Region,Nil,2-way,Sealed,0,0,0,0,100,0,None,0,0,,50,South Wairarapa District,Nil,0,0,0,0,0,0,Open,0,0,0,Light rain,Null
1766573,5913058,4905,,522920,0,,0,2,,Null,2008/2009,TI RAKAU DRIVE,PALM AVENUE,,Non-Injury Crash,No,2008,,North,,0,,Flat,,,,,,Dark,683900,0,0,0,3,,,0,,,,,,Auckland Region,Nil,2-way,Sealed,,0,0,,60,,On,0,0,,76,Auckland,Give way,,,,,0,0,Urban,0,,,Fine,Null
1799965,5815048,4906,,528900,0,,0,2,,Null,2010/2011,LAKE ROAD,QUEENS AVENUE,,Non-Injury Crash,No,2010,,West,,0,,Flat,,,,,,Bright sun,914400,0,0,0,2,,,0,,,,,,Waikato Region,Nil,2-way,Sealed,,0,0,,50,,Null,0,0,,16,Hamilton City,Give way,,,,,0,0,Urban,0,,,Fine,Null
1690142,5674239,4907,,551503,1,,0,1,,Null,2004/2005,ORANGA ST,SARDINHA PLACE,,Minor Crash,No,2005,,North,,0,,Hill Road,,Christmas New Year,,,,Bright sun,1578800,1,0,0,2,,,0,,,,,,Taranaki Region,Nil,2-way,Sealed,,0,0,,50,,Null,0,0,,33,New Plymouth District,Give way,,,,,0,0,Urban,0,,,Fine,Null
1406202,4917095,4908,,603100,0,0,0,2,0,North,2011/2012,FILLEUL ST,MORAY PLACE,,Non-Injury Crash,No,2011,0,North,0,0,0,Flat,0,Christmas New Year,0,,0,Bright sun,2903100,0,0,0,2,0,0,0,0,1,,0,0,Otago Region,Nil,2-way,Sealed,0,0,0,0,30,0,Null,0,0,,71,Dunedin City,Unknown,0,0,0,0,0,0,Urban,0,0,0,Fine,Null
1560957,5177868,4909,,587830,0,0,0,1,0,Null,2008/2009,SH 76,SHANDS ROAD,,Serious Crash,Yes,2009,0,North,0,0,0,Flat,0,,0,,0,Dark,2498903,0,0,0,2,0,0,0,0,0,,0,0,Canterbury Region,Nil,2-way,Sealed,0,0,1,0,80,0,On,0,0,,60,Christchurch City,Give way,0,0,0,1,0,0,Open,0,0,0,Fine,Null
1916810,5599161,4910,45,545851,0,0,0,0,0,South,2004/2005,RAUKAWA ROAD,GREEN HILL ROAD,,Non-Injury Crash,No,2005,0,South,1,0,0,Hill Road,0,,0,,0,Dark,1464101,0,0,0,2,0,0,0,0,0,,0,1,Hawke's Bay Region,Nil,2-way,Sealed,0,0,0,0,100,0,None,0,0,,30,Hastings District,Nil,0,0,0,0,0,0,Open,1,0,0,Fine,Null
1750896,5933380,4911,,508806,0,0,0,3,0,West,2008/2009,WHARF ROAD,LANDING DRIVE,,Non-Injury Crash,No,2009,0,West,0,0,0,Flat,0,,0,,0,Dark,179801,0,0,0,2,0,0,0,0,1,,0,0,Auckland Region,Nil,2-way,Sealed,0,0,0,0,50,0,On,0,0,,76,Auckland,Unknown,0,0,0,0,0,0,Urban,0,0,0,Fine,Null
1998630,5736707,4912,,543601,0,0,0,1,1,South,2005/2006,SH 2,RAKAUROA ROAD,,Non-Injury Crash,Yes,2005,0,South,0,0,0,Hill Road,0,,0,,0,Bright sun,1352200,0,0,0,2,0,0,0,0,0,,0,0,Gisborne Region,Nil,2-way,Sealed,0,0,0,0,100,0,Null,0,0,,28,Gisborne District,Nil,0,0,0,0,0,0,Open,0,0,0,Fine,Null
1321195,4935195,4913,,607501,0,0,0,1,1,South,2012/2013,SH 8,MILLERS FLAT BRIDGE ROAD,,Minor Crash,Yes,2013,0,North,0,0,0,Flat,0,,0,,0,Bright sun,3005900,1,0,0,2,0,0,0,0,0,,0,0,Otago Region,Nil,2-way,Sealed,0,0,0,0,100,0,Null,0,0,,69,Central Otago District,Unknown,0,0,0,0,0,0,Open,0,0,0,Fine,Null
1690480,5675716,4914,,551400,0,,0,2,,East,2003/2004,SH 44,LAWRY ST,,Non-Injury Crash,Yes,2003,,East,,0,,Flat,,,,,,Bright sun,1586800,0,0,0,2,,,0,,,,,,Taranaki Region,Nil,2-way,Sealed,,0,0,,50,,Null,0,0,,33,New Plymouth District,Nil,,,,,0,0,Urban,0,,,Fine,Null
2036596,5709392,4915,,544600,0,0,0,1,0,North,2008/2009,NORMAN ROAD,ROEBUCK ROAD,,Non-Injury Crash,No,2009,0,West,0,0,0,Flat,0,,0,,0,Dark,1369000,0,0,0,2,0,0,0,0,1,,0,0,Gisborne Region,Nil,2-way,Sealed,0,0,0,0,50,0,On,1,0,,28,Gisborne District,Nil,0,0,0,0,0,0,Urban,0,0,0,Heavy rain,Null
1677944,6022585,4916,,504600,1,,0,1,,North,2003/2004,HOKIANGA ROAD,TUNATAHI ST,,Non-Injury Crash,No,2004,,South,,0,,Flat,,,,,,Overcast,115400,0,0,0,2,,,0,,,,,,Northland Region,Nil,2-way,Sealed,,0,0,,50,,Off,0,0,,3,Kaipara District,Nil,,,,,0,0,Urban,0,,,Light rain,Null
1748165.265,5428774.805,4917,,572900,0,,0,2,,Null,2019/2020,TINAKORI ROAD,BOWEN STREET,,Non-Injury Crash,No,2019,,North,,0,,Flat,,,,,,Unknown,2123400,0,0,0,2,,,0,,,,,,Wellington Region,Nil,2-way,Sealed,,0,0,,50,,Null,0,0,,47,Wellington City,Traffic Signals,,,,,0,0,Urban,0,,,Null,Null
1407196,4918441,4918,,603601,0,,0,2,,South,2016/2017,CASTLE ST NORTH,HOWE ST,,Minor Crash,No,2017,,South,,0,,Flat,,,,,,Overcast,2866101,1,0,0,2,,,0,,,,,,Otago Region,Nil,2-way,Sealed,,0,0,,50,,Null,0,0,,71,Dunedin City,Nil,,,,,0,0,Urban,0,,,Fine,Null
1756691.537,5927492.923,4919,,507900,0,,0,2,,Null,2018/2019,NORTHCOTE ROAD,TAHAROTO ROAD,,Non-Injury Crash,No,2018,,North,,0,,Hill Road,,,,,,Overcast,305202,0,0,0,3,,,0,,,,,,Auckland Region,Nil,2-way,Sealed,,0,0,,50,,Off,0,0,,76,Auckland,Give way,,,,,0,0,Urban,0,,,Fine,Null
1753670,5929225,4920,,508320,0,,0,1,,North,2007/2008,GLENFIELD ROAD,ST THOMAS MORE LANE,,Non-Injury Crash,No,2008,,South,,0,,Flat,,,,,,Bright sun,196801,0,0,0,2,,,0,,,,,,Auckland Region,Nil,2-way,Sealed,,0,0,,50,,Off,0,0,,76,Auckland,Nil,,,,,0,0,Urban,1,,,Fine,Null
1568400,5178551,4921,,590900,0,,0,1,,Null,2011/2012,LINCOLN ROAD,WHITELEIGH AVENUE,,Minor Crash,No,2012,,South,,0,,Flat,,,,,,Bright sun,2476400,1,0,0,5,,,0,,,,,,Canterbury Region,Nil,2-way,Sealed,,0,0,,50,,Null,1,0,,60,Christchurch City,Traffic Signals,,,,,0,0,Urban,0,,,Fine,Null
1786952,5879558,4922,80,521135,0,0,0,1,0,North,2010/2011,LYONS ROAD,OLD STATE HIGHWAY 2,,Serious Crash,No,2010,0,South,0,0,1,Flat,0,,0,,0,Dark,841700,0,0,0,2,0,0,0,0,0,,0,1,Waikato Region,Bridge,2-way,Sealed,0,0,1,0,100,0,None,0,0,,13,Waikato District,Nil,0,0,0,0,0,0,Open,0,0,1,Fine,Null
1758483,5455367,4923,,571800,0,0,0,0,0,Null,2015/2016,SH 1N,TEIHANA ROAD,,Non-Injury Crash,Yes,2016,0,South,0,0,0,Hill Road,1,Easter,0,,1,Bright sun,2065900,0,0,0,2,0,0,0,0,0,,0,0,Wellington Region,Nil,2-way,Sealed,0,0,0,0,50,0,Null,0,0,,44,Porirua City,Give way,0,0,0,0,0,0,Urban,1,0,0,Fine,Null
1820063,5806381,4924,,527133,0,0,0,1,0,North,2007/2008,ASPIN ROAD,FENCOURT ROAD,,Non-Injury Crash,No,2007,0,South,0,0,0,Flat,0,,0,,0,Dark,958700,0,0,0,2,0,0,0,0,0,,0,1,Waikato Region,Nil,2-way,Sealed,0,0,0,0,100,0,None,0,0,,17,Waipa District,Nil,0,0,0,0,0,0,Open,0,0,0,Light rain,Null
1759317,5918691,4925,,516101,0,0,0,1,0,Null,2013/2014,BASSETT ROAD,SHORE ROAD,,Minor Crash,No,2014,0,West,0,0,0,Flat,0,,0,,1,Twilight,480500,1,0,0,2,0,0,0,0,0,,0,0,Auckland Region,Nil,2-way,Sealed,0,0,0,0,50,0,Off,0,0,,76,Auckland,Give way,0,0,0,0,0,0,Urban,0,0,0,Light rain,Null
1729768,6030808,4926,75,501811,0,0,0,1,0,North,2006/2007,ONE TREE POINT ROAD,SH 15A,,Non-Injury Crash,No,2006,0,South,1,0,0,Flat,0,Labour Weekend,0,,0,Dark,79201,0,0,0,2,0,0,0,0,0,,0,0,Northland Region,Nil,2-way,Sealed,0,0,0,0,100,0,None,0,0,,2,Whangarei District,Unknown,0,0,0,0,0,0,Open,0,0,0,Light rain,Null
1495895,5214870,4927,45,587100,0,,0,0,,West,2015/2016,SH 73,THOMAS RIV BR,,Non-Injury Crash,Yes,2015,,South,,0,,Hill Road,,,,,,Overcast,2461400,0,0,0,2,,,0,,,,,,Canterbury Region,Nil,2-way,Sealed,,0,0,,100,,Null,0,0,,62,Selwyn District,Unknown,,,,,1,0,Open,0,,,Light rain,Null
1435332,5037929,4928,55,600410,0,0,0,0,0,East,2009/2010,SH 82,TURNERS ROAD,,Serious Crash,Yes,2009,0,West,1,0,0,Flat,0,,0,,0,Bright sun,2825200,0,0,1,2,0,0,0,1,0,,0,0,Canterbury Region,Nil,2-way,Sealed,0,0,1,0,100,0,Null,0,0,,66,Waimate District,Unknown,0,0,0,0,0,0,Open,0,0,0,Fine,Null
1664287,5429181,4929,,580200,0,,0,2,,Null,2006/2007,SH 6,WILSON ST,,Minor Crash,Yes,2006,,North,,0,,Flat,,,,,,Bright sun,2283200,1,0,0,2,,,0,,,,,,Marlborough Region,Nil,2-way,Sealed,,0,0,,70,,Null,0,0,,53,Marlborough District,Nil,,,,,0,0,Urban,0,,,Fine,Null
1754619,5918347,4930,,515431,0,,0,2,,East,2008/2009,SH 16,ST LUKES OBR,,Non-Injury Crash,Yes,2008,,North,,0,,Flat,,,,,,Dark,406700,0,0,0,4,,,0,,,,,,Auckland Region,Nil,2-way,Sealed,,0,0,,100,,On,0,0,,76,Auckland,Nil,,,,,0,0,Open,0,,,Light rain,Null
1764478,5912940,4931,,520500,0,,0,2,,Null,2009/2010,SOUTH-EASTERN HIGHWAY,CARBINE ROAD,,Non-Injury Crash,No,2010,,West,,0,,Flat,,Queens Birthday,,,,Overcast,639100,0,0,0,2,,,0,,,,,,Auckland Region,Nil,2-way,Sealed,,0,0,,50,,Off,0,0,,76,Auckland,Traffic Signals,,,,,0,0,Urban,0,,,Fine,Null