X,Y,OBJECTID,advisorySpeed,areaUnitID,bicycle,bridge,bus,carStationWagon,cliffBank,crashDirectionDescription,crashFinancialYear,crashLocation1,crashLocation2,crashRoadSideRoad,crashSeverity,crashSHDescription,crashYear,debris,directionRoleDescription,ditch,fatalCount,fence,flatHill,guardRail,holiday,houseOrBuilding,intersection,kerb,light,meshblockId,minorInjuryCount,moped,motorcycle,NumberOfLanes,objectThrownOrDropped,otherObject,otherVehicleType,overBank,parkedVehicle,pedestrian,phoneBoxEtc,postOrPole,region,roadCharacter,roadLane,roadSurface,roadworks,schoolBus,seriousInjuryCount,slipOrFlood,speedLimit,strayAnimal,streetLight,suv,taxi,temporarySpeedLimit,tlaId,tlaName,trafficControl,trafficIsland,trafficSign,train,tree,truck,unknownVehicleType,urban,vanOrUtility,vehicle,waterRiver,weatherA,weatherB
1406050,4915940,4932,,602900,0,,0,4,,North,2011/2012,SH 1S,JERVOIS ST,,Minor Crash,Yes,2011,,North,,0,,Flat,,,,,,Overcast,2895700,2,0,0,2,,,0,,,,,,Otago Region,Nil,1-way,Sealed,,0,0,,50,,Null,0,0,,71,Dunedin City,Unknown,,,,,0,0,Urban,0,,,Fine,Null
1439961,5004152,4933,,601030,0,0,0,2,0,East,2005/2006,REED ST,CROSS ST,,Non-Injury Crash,No,2006,0,West,0,0,0,Flat,0,,0,,0,Dark,2841400,0,0,0,2,0,0,0,0,1,,0,0,Otago Region,Nil,2-way,Sealed,0,0,0,0,50,0,On,0,0,,68,Waitaki District,Unknown,0,0,0,0,0,0,Urban,0,0,0,Fine,Null
1800187,5816597,4934,,529700,0,,0,2,,North,2009/2010,VICTORIA ST,DILLICAR ST,,Non-Injury Crash,No,2009,,South,,0,,Hill Road,,,,,,Overcast,908700,0,0,0,2,,,0,,,,,,Waikato Region,Nil,2-way,Sealed,,0,0,,50,,Null,0,0,,16,Hamilton City,Unknown,,,,,0,0,Urban,0,,,Fine,Null
1927703,5607325,4935,,547800,0,,0,2,,South,2001/2002,OMAHU ROAD,SH 50A,,Non-Injury Crash,No,2002,,East,,0,,Flat,,,,,,Bright sun,1476600,0,0,0,2,,,0,,,,,,Hawke's Bay Region,Nil,2-way,Sealed,,0,0,,50,,Null,0,0,,30,Hastings District,Nil,,,,,0,0,Urban,0,,,Fine,Null
1746806,5919880,4936,,512402,0,0,0,1,0,West,2010/2011,SH 16,TE ATATU ON WBD,,Non-Injury Crash,Yes,2010,0,West,1,0,0,Flat,0,,0,,0,Dark,252300,0,0,0,3,0,0,0,1,0,,0,0,Auckland Region,Nil,1-way,Sealed,0,0,0,0,100,0,On,0,0,,76,Auckland,Nil,0,0,0,0,0,0,Open,0,0,0,Fine,Null
1765658,5901383,4937,,524821,0,0,0,0,0,South,2010/2011,ROSCOMMON ROAD,BROWNS ROAD,,Non-Injury Crash,No,2010,0,North,0,0,0,Flat,0,,0,,0,Overcast,774446,0,0,0,2,0,0,0,0,0,,0,1,Auckland Region,Nil,2-way,Sealed,0,0,0,0,50,0,Off,0,0,,76,Auckland,Nil,0,0,0,0,0,0,Urban,1,0,0,Fine,Null
1612443.536,5423387.543,4938,,581720,0,0,0,2,0,North,2019/2020,PUGH ROAD,RANZAU ROAD WEST,,Minor Crash,No,2019,0,South,0,0,1,Flat,0,,0,,0,Dark,2357800,1,0,0,2,0,0,0,0,1,,0,0,Tasman Region,Nil,2-way,Sealed,0,0,0,0,80,0,None,0,0,,51,Tasman District,Unknown,0,0,0,0,0,0,Open,0,0,0,Light rain,Null
1756337,5920999,4939,,514101,0,,0,2,,Null,2009/2010,GAUNT ST,BEAUMONT ST,,Non-Injury Crash,No,2010,,West,,0,,Flat,,,,,,Bright sun,432400,0,0,0,2,,,0,,,,,,Auckland Region,Nil,2-way,Sealed,,0,0,,50,,Off,0,0,,76,Auckland,Give way,,,,,0,0,Urban,0,,,Fine,Null
1572671,5199961,4940,,586129,0,,0,2,,Null,2005/2006,SH 1S MAIN NORTH,WILLIAMS ST,,Minor Crash,Yes,2006,,South,,0,,Flat,,Queens Birthday,,,,Bright sun,2447900,1,0,0,2,,,0,,,,,,Canterbury Region,Nil,2-way,Sealed,,0,0,,100,,Null,0,0,,59,Waimakariri District,Give way,,,,,0,0,Open,0,,,Fine,Null
1753569,5930880,4941,,508803,0,,1,1,,Null,2005/2006,CARIBBEAN DRIVE,DEVONSHIRE ROAD,,Minor Crash,No,2006,,North,,0,,Hill Road,,,,,,Bright sun,180851,1,0,0,2,,,0,,,,,,Auckland Region,Nil,2-way,Sealed,,0,0,,50,,Null,0,0,,76,Auckland,Nil,,,,,0,0,Urban,0,,,Fine,Null
1416810,4947313,4942,,601603,0,0,0,1,0,South,2007/2008,SH 1S,RAMROCK ROAD,,Non-Injury Crash,Yes,2007,0,South,0,0,1,Flat,0,,0,,0,Overcast,2856402,0,0,0,2,0,0,0,0,0,,0,0,Otago Region,Nil,2-way,Sealed,0,0,0,0,100,0,Null,0,0,,71,Dunedin City,Unknown,0,0,0,0,0,0,Open,0,0,0,Fine,Null
1764041,5920330,4943,,516601,0,0,0,2,0,East,2008/2009,TAMAKI DRIVE,KOHIMARAMA ROAD,,Non-Injury Crash,No,2008,0,West,0,0,0,Flat,0,,0,,0,Dark,503900,0,0,0,2,0,0,0,0,1,,0,0,Auckland Region,Nil,2-way,Sealed,0,0,0,0,50,0,On,0,0,,76,Auckland,Nil,0,0,0,0,0,0,Urban,0,0,0,Fine,Null
1242669,4915731,4944,,610040,0,0,0,1,0,North,2001/2002,SH 6,CAROLINE VALLEY ROAD,,Minor Crash,Yes,2001,0,South,0,0,1,Hill Road,0,,0,,0,Bright sun,3045900,1,0,0,2,0,0,0,1,0,,0,0,Southland Region,Nil,2-way,Sealed,0,0,0,0,100,0,Null,0,0,50,73,Southland District,Unknown,0,0,0,0,0,0,Open,0,0,0,Fine,Null
1754893,5444251,4945,,570900,0,,0,2,,Null,2002/2003,MUNGAVIN AVENUE,MUNGAVIN ON SBD,,Non-Injury Crash,No,2002,,West,,0,,Flat,,,,,,Dark,2056604,0,0,0,2,,,0,,,,,,Wellington Region,Bridge,1-way,Sealed,,0,0,,50,,On,0,0,,44,Porirua City,Give way,,,,,0,0,Urban,0,,,Heavy rain,Null
1313571,4943268,4946,,607501,0,0,0,1,0,North,2003/2004,SH 8,LANGLEA ROAD,,Fatal Crash,Yes,2003,0,North,0,1,0,Flat,0,,0,,0,Overcast,3005300,0,0,0,2,0,0,0,0,0,,0,1,Otago Region,Nil,2-way,Sealed,0,0,1,0,100,0,Null,0,0,,69,Central Otago District,Unknown,0,0,0,0,0,0,Open,1,0,0,Fine,Null
1484950,5369023,4947,,584410,0,1,0,0,0,West,2012/2013,SH 6,OMANU CRK BR,,Serious Crash,Yes,2013,0,West,0,0,0,Flat,0,,0,,0,Dark,2388800,0,0,0,2,0,0,0,0,0,,0,0,West Coast Region,Bridge,2-way,Sealed,0,0,1,0,100,0,None,0,0,,55,Buller District,Unknown,0,0,0,0,1,0,Open,0,0,0,Fine,Null
1749889,5916671,4948,,514801,1,0,0,1,0,West,2001/2002,ROSEBANK ROAD,MEAD ST,,Minor Crash,No,2002,0,East,0,0,0,Flat,0,,0,,0,Overcast,388700,1,0,0,2,0,0,0,0,1,,0,0,Auckland Region,Nil,2-way,Sealed,0,0,0,0,50,0,Off,0,0,,76,Auckland,Nil,0,0,0,0,0,0,Urban,0,0,0,Fine,Null
1623063,5430371,4949,,582700,0,,0,1,,Null,2001/2002,VANGUARD ST,PARERE ST,,Minor Crash,No,2002,,North,,0,,Flat,,,,,,Bright sun,2332000,1,1,0,2,,,0,,,,,,Nelson Region,Nil,2-way,Sealed,,0,0,,50,,Null,0,0,,52,Nelson City,Nil,,,,,0,0,Urban,0,,,Fine,Null
1802455,5809954,4950,,527810,0,,0,2,,Null,2000/2001,SH 3,HALL ROAD,,Non-Injury Crash,Yes,2000,,South,,0,,Hill Road,,,,,,Dark,984506,0,0,0,3,,,0,,,,,,Waikato Region,Nil,2-way,Sealed,,0,0,,100,,None,0,0,,16,Hamilton City,Stop,,,,,0,0,Open,0,,,Fine,Null
1752316,5918349,4951,,515002,0,,0,2,,South,1999/2000,POINT CHEVALIER ROAD,ALBERTA ST,,Serious Crash,No,2000,,North,,0,,Flat,,,,,,Dark,391800,1,0,0,2,,,0,,,,,,Auckland Region,Nil,2-way,Sealed,,0,1,,50,,On,0,0,,76,Auckland,Nil,,,,,0,0,Urban,0,,,Fine,Null
1751590,5914207,4952,,514402,0,,0,2,,Null,2004/2005,BLOCKHOUSE BAY ROAD,WOLVERTON ST,,Non-Injury Crash,No,2005,,East,,0,,Flat,,,,,,Bright sun,379403,0,0,0,4,,,0,,,,,,Auckland Region,Nil,2-way,Sealed,,0,0,,50,,Off,0,0,,76,Auckland,Nil,,,,,0,0,Urban,0,,,Fine,Null
1693272,5676606,4953,,551800,0,,0,3,,West,2002/2003,SH 44,GOVER ST,,Non-Injury Crash,Yes,2002,,West,,0,,Flat,,,,,,Overcast,1594700,0,0,0,2,,,0,,,,,,Taranaki Region,Nil,2-way,Sealed,,0,0,,50,,Null,0,0,,33,New Plymouth District,Nil,,,,,0,0,Urban,0,,,Fine,Null
1764919,5918283,4954,,517001,0,0,0,1,0,East,2008/2009,ST HELIERS BAY ROAD,GLEN ATKINSON ST,,Non-Injury Crash,No,2008,0,East,0,0,0,Flat,0,,0,,0,Overcast,469500,0,0,0,2,0,0,0,0,0,,0,0,Auckland Region,Nil,2-way,Sealed,0,0,0,0,50,0,Off,0,0,,76,Auckland,Nil,0,0,0,0,1,0,Urban,0,1,0,Light rain,Null
1756404,5924498,4955,,509702,0,,0,2,,North,2002/2003,SH 1N,OLD ONEWA OBR,,Non-Injury Crash,Yes,2003,,South,,0,,Flat,,,,,,Bright sun,366700,0,0,0,4,,,0,,,,,,Auckland Region,Nil,2-way,Sealed,,0,0,,100,,Off,0,0,,76,Auckland,Nil,,,,,0,0,Open,0,,,Fine,Null
1749175,5942771,4956,,506003,0,,0,2,,North,2004/2005,EAST COAST ROAD,WILKS ROAD,,Fatal Crash,No,2004,,North,,1,,Flat,,,,,,Bright sun,175814,1,0,1,2,,,0,,,,,,Auckland Region,Nil,2-way,Sealed,,0,0,,100,,None,0,0,,76,Auckland,Nil,,,,,0,0,Open,0,,,Fine,Null
1755522,5975784,4957,35,506661,0,0,0,1,1,South,2017/2018,TAKATU ROAD,OMAHA FLATS ROAD,,Non-Injury Crash,No,2017,0,South,0,0,1,Hill Road,0,,0,,0,Dark,138400,0,0,0,2,0,0,0,0,0,,0,0,Auckland Region,Nil,2-way,Sealed,0,0,0,0,100,0,None,0,0,,76,Auckland,Unknown,0,0,0,0,0,0,Open,0,0,0,Light rain,Null
1758236,5913424,4958,,519710,0,,0,1,,Null,2018/2019,MANUKAU ROAD,CAMPBELL ROAD,,Non-Injury Crash,No,2018,,West,,0,,Flat,,,,,,Dark,594701,0,0,0,2,,,0,,,,,,Auckland Region,Nil,2-way,Sealed,,0,0,,50,,On,1,0,,76,Auckland,Give way,,,,,0,0,Urban,0,,,Light rain,Null
1804156,5814186,4959,,530700,0,,0,2,,North,2013/2014,MASTERS AVENUE,MANSEL AVENUE,,Minor Crash,No,2013,,North,,0,,Hill Road,,,,,,Overcast,888700,2,0,0,2,,,0,,,,,,Waikato Region,Nil,2-way,Sealed,,0,0,,50,,Null,0,0,,16,Hamilton City,Unknown,,,,,0,0,Urban,0,,,Fine,Null
1930730,5616533,4960,,547300,0,0,1,0,0,Null,2005/2006,GLOUCESTER ST,MEEANEE ROAD,,Non-Injury Crash,No,2005,0,East,0,0,0,Flat,0,,0,,0,Bright sun,1460500,0,0,0,2,0,0,0,0,0,,0,0,Hawke's Bay Region,Nil,2-way,Sealed,0,0,0,0,50,0,Null,0,0,,31,Napier City,Give way,0,1,0,0,0,0,Urban,0,0,0,Fine,Null
1803023,5439202,4961,,579803,0,0,0,1,0,South,2006/2007,WARDS LINE,FENWICKS LINE,,Non-Injury Crash,No,2006,0,North,1,0,1,Flat,0,Christmas New Year,0,,0,Overcast,2271700,0,0,0,2,0,0,0,0,0,,0,0,Wellington Region,Nil,2-way,Sealed,0,0,0,0,100,0,Null,0,0,,50,South Wairarapa District,Nil,0,0,0,1,0,0,Open,0,0,0,Fine,Null
1766912,5897726,4962,,525102,0,0,0,3,0,East,2008/2009,HADLEY WOOD DRIVE,SCOTSMOOR DRIVE,,Non-Injury Crash,No,2008,0,East,0,0,0,Flat,0,,0,,0,Dark,769050,0,0,0,2,0,0,0,0,2,,0,0,Auckland Region,Nil,2-way,Sealed,0,0,0,0,50,0,On,0,0,,76,Auckland,Nil,0,0,0,0,0,0,Urban,0,0,0,Fine,Null
1765630,5920031,4963,,516700,0,0,0,1,0,North,2007/2008,ST HELIERS BAY ROAD,POLYGON ROAD,,Non-Injury Crash,No,2008,0,East,0,0,0,Flat,0,,0,,0,Bright sun,509300,0,0,0,2,0,0,0,0,1,,0,0,Auckland Region,Nil,2-way,Sealed,0,0,0,0,50,0,Off,0,0,,76,Auckland,Nil,0,0,0,0,0,0,Urban,1,0,0,Fine,Null
1674433,6077830,4964,,501634,0,,0,0,,Null,2007/2008,SH 15,NGAPUHI ROAD,,Minor Crash,Yes,2008,,South,,0,,Hill Road,,,,,,Dark,37701,1,0,0,2,,,0,,,,,,Northland Region,Nil,2-way,Sealed,,0,0,,100,,None,1,0,,1,Far North District,Give way,,,,,0,0,Open,0,,,Fine,Null
1772268,5914992,4965,,521501,0,,0,2,,Null,2001/2002,COOK ST,SELWYN ROAD,,Non-Injury Crash,No,2001,,West,,0,,Flat,,,,,,Dark,652500,0,0,0,1,,,0,,,,,,Auckland Region,Nil,2-way,Sealed,,0,0,,50,,On,0,0,,76,Auckland,Give way,,,,,0,0,Urban,0,,,Fine,Null
1802861,5562047,4966,,559500,0,,0,0,,North,2015/2016,BROADWAY,HIGH ST,,Non-Injury Crash,No,2015,,North,,0,,Flat,,,,,,Bright sun,1735600,0,0,0,2,,,0,,,,,,Manawatu-Wanganui Region,Nil,2-way,Sealed,,0,0,,50,,Off,0,0,,38,Rangitikei District,Unknown,,,,,0,0,Urban,2,,,Fine,Null
1243671,4847184,4967,,611602,0,0,0,1,0,South,2015/2016,ELLES ROAD,ELIZABETH ST,,Non-Injury Crash,No,2015,0,South,0,0,1,Flat,0,,0,,0,Overcast,3150300,0,0,0,2,0,0,0,0,0,,0,1,Southland Region,Nil,2-way,Sealed,0,0,0,0,50,0,Null,0,0,,75,Invercargill City,Unknown,0,1,0,0,0,0,Urban,0,0,0,Light rain,Null
1746124,5917006,4968,,510800,0,0,0,2,0,Null,2004/2005,MCLEOD ROAD,GREAT NORTH ROAD,,Non-Injury Crash,No,2004,0,North,0,0,0,Flat,0,,0,,0,Overcast,243400,0,0,0,2,0,0,0,0,0,,0,0,Auckland Region,Nil,2-way,Sealed,0,0,0,0,50,0,Off,0,0,,76,Auckland,Traffic Signals,0,0,0,0,0,0,Urban,0,1,0,Fine,Null
1355524,4876197,4969,,606700,0,,0,1,,North,2001/2002,LAKESIDE ROAD,STORER ROAD,,Minor Crash,No,2002,,North,,0,,Flat,,,,,,Overcast,2986002,1,0,0,2,,,0,,,,,,Otago Region,Nil,2-way,Sealed,,0,0,,100,,Null,0,0,,72,Clutha District,Unknown,,,,,0,0,Open,0,,,Fine,Null
1394493,4912687,4970,,602500,0,,0,1,,West,2009/2010,SADDLE HILL ROAD,MCMASTER ROAD,,Serious Crash,No,2009,,East,,0,,Hill Road,,,,,,Bright sun,2977505,3,0,0,2,,,0,,,,,,Otago Region,Nil,2-way,Sealed,,0,1,,80,,Null,1,0,,71,Dunedin City,Unknown,,,,,0,0,Open,0,,,Fine,Null
1754214,5444742,4971,,570800,0,,0,1,,Null,2004/2005,TITAHI BAY ROAD,LYTTELTON AVENUE,,Non-Injury Crash,No,2004,,North,,0,,Flat,,,,,,Bright sun,2052300,0,0,0,4,,,0,,,,,,Wellington Region,Nil,2-way,Sealed,,0,0,,50,,Null,0,0,,44,Porirua City,Traffic Signals,,,,,0,0,Urban,1,,,Fine,Null
1857936,5546678,4972,,549800,0,,0,2,,Null,2000/2001,TOP GRASS ROAD,TAMAKI RIVER ROAD,,Minor Crash,No,2001,,South,,0,,Flat,,,,,,Bright sun,1538200,2,0,0,2,,,0,,,,,,Manawatu-Wanganui Region,Nil,2-way,Sealed,,0,0,,100,,Null,0,0,,41,Tararua District,Nil,,,,,0,0,Open,0,,,Fine,Null
1620674,5426978,4973,,583700,0,,0,0,,Null,2010/2011,THE RIDGEWAY,ARAPIKI ROAD,,Minor Crash,No,2011,,South,,0,,Hill Road,,,,,,Overcast,2336702,1,1,0,2,,,0,,,,,,Nelson Region,Nil,2-way,Sealed,,0,0,,50,,Null,0,0,,52,Nelson City,Stop,,,,,0,0,Urban,0,,,Light rain,Null
1572182.463,5184105.187,4974,,592702,0,0,0,1,0,East,2018/2019,BRIGGS RD ,CLEARBROOK STREET,,Non-Injury Crash,No,2019,0,East,0,0,0,Flat,0,,0,,0,Twilight,2597000,0,0,0,2,0,0,0,0,0,,0,1,Canterbury Region,Nil,2-way,Sealed,0,0,0,0,50,0,Off,0,0,,60,Christchurch City,Unknown,0,0,0,0,0,0,Urban,0,0,0,Fine,Null
1770290,5900252,4975,,523817,0,0,0,1,0,Null,2016/2017,HYPERION DRIVE,LIMOND ST,,Non-Injury Crash,No,2016,0,South,0,0,1,Flat,0,,0,,0,Dark,759722,0,0,0,2,0,0,0,0,0,,0,0,Auckland Region,Nil,2-way,Sealed,0,0,0,0,50,0,On,0,0,,76,Auckland,Nil,0,0,0,0,0,0,Urban,0,0,0,Fine,Null
1759333,5436236,4976,,569100,0,,0,1,,South,2010/2011,DALY ST,SERVICE LANE,,Non-Injury Crash,No,2010,,North,,0,,Flat,,,,,,Bright sun,1966700,0,0,0,2,,,0,,,,,,Wellington Region,Nil,2-way,Sealed,,0,0,,50,,Null,0,0,,46,Lower Hutt City,Nil,,,,,0,0,Urban,1,,,Fine,Null
1755715,5919645,4977,,515302,0,0,0,2,0,North,2004/2005,PONSONBY ROAD,RICHMOND ROAD,,Non-Injury Crash,No,2005,0,South,0,0,0,Flat,0,,0,,0,Dark,432300,0,0,0,4,0,0,0,0,0,,0,0,Auckland Region,Nil,2-way,Sealed,0,0,0,0,50,0,On,0,0,,76,Auckland,Nil,0,0,0,0,0,0,Urban,0,1,0,Light rain,Null
1930581,5604498,4978,,548100,0,,0,1,,Null,2017/2018,ST AUBYN ST EAST,PRINCES ST,,Non-Injury Crash,No,2017,,East,,0,,Flat,,,,,,Dark,1500700,0,0,0,2,,,0,,,,,,Hawke's Bay Region,Nil,2-way,Sealed,,0,0,,50,,On,0,0,,30,Hastings District,Give way,,,,,0,0,Urban,1,,,Fine,Null
1397874,4920153,4979,,602500,0,0,0,0,0,North,2017/2018,SILVERSTREAM VALLEY ROAD,THREE MILE HILL ROAD,,Minor Crash,No,2017,0,North,0,0,1,Flat,0,,0,,0,Bright sun,2978800,1,0,0,2,0,0,0,0,0,,0,0,Otago Region,Nil,2-way,Sealed,0,0,0,0,80,0,Null,0,0,,71,Dunedin City,Unknown,0,0,0,0,0,0,Open,1,0,0,Fine,Null
1621016,5429661,4980,,583100,0,0,0,1,0,Null,1999/2000,TOSSWILL ROAD,STANSELL AVENUE,,Non-Injury Crash,No,2000,0,South,0,0,0,Hill Road,0,,0,,0,Dark,2334600,0,0,0,2,0,0,0,1,0,,0,0,Nelson Region,Nil,2-way,Sealed,0,0,0,0,50,0,On,0,0,,52,Nelson City,Nil,0,0,0,0,0,0,Urban,0,0,0,Fine,Null
1760705,5915483,4981,,520201,0,1,0,0,0,South,2008/2009,WALPOLE ST,MITCHELSON ST,,Non-Injury Crash,No,2009,0,South,0,0,0,Flat,0,,0,,0,Bright sun,613000,0,0,0,2,0,0,0,0,0,,0,0,Auckland Region,Nil,2-way,Sealed,0,0,0,0,50,0,Off,0,0,,76,Auckland,Nil,0,0,0,0,1,0,Urban,0,0,0,Fine,Null
1402244.66,4913689.278,4982,,605920,0,,0,1,,East,2019/2020,DUNEDIN SOUTHERN MOTORWAY ,MAIN SOUTH ROAD ON RAMP,,Non-Injury Crash,Yes,2019,,West,,0,,Flat,,,,,,Bright sun,2956000,0,0,0,4,,,0,,,,,,Otago Region,Nil,2-way,Sealed,,0,0,,100,,Off,0,0,,71,Dunedin City,Unknown,,,,,0,0,Open,0,,,Fine,Null
1310397,4996123,4983,,608302,0,0,0,0,0,South,2018/2019,SH 8,CHAMPAGNE GULLY,,Minor Crash,Yes,2018,0,North,0,0,0,Flat,0,,0,,0,Overcast,3021201,1,0,0,2,0,0,0,1,0,,0,0,Otago Region,Nil,2-way,Sealed,0,0,0,0,100,0,Null,0,0,,69,Central Otago District,Unknown,0,0,0,0,0,0,Open,1,0,1,Fine,Null
1243435,4851127,4984,,610800,0,0,0,1,0,South,2005/2006,QUEENS DRIVE,KING ST,,Non-Injury Crash,No,2005,0,South,0,0,0,Flat,0,,0,,0,Dark,3117000,0,0,0,2,0,0,0,0,1,,0,0,Southland Region,Nil,2-way,Sealed,0,0,0,0,50,0,On,1,0,,75,Invercargill City,Unknown,0,0,0,0,0,0,Urban,0,0,0,Fine,Null
1841504,5810486,4985,,535220,0,0,0,1,0,East,2003/2004,STATION ROAD,BOWLERS ROAD,,Serious Crash,No,2003,0,West,0,0,0,Hill Road,0,,0,,0,Dark,1117600,0,0,0,2,0,0,0,0,0,,0,0,Waikato Region,Nil,2-way,Sealed,0,0,1,0,100,0,None,0,0,,15,Matamata-Piako District,Nil,0,0,0,1,0,0,Open,0,0,0,Fine,Null
1751828.403,5433971.784,4986,,573903,0,,0,1,,Null,2019/2020,NEWLANDS ROAD,NEWLANDS OFF RAMP,,Non-Injury Crash,No,2020,,West,,0,,Null,,,,,,Unknown,2075103,0,0,0,2,,,0,,,,,,Wellington Region,Nil,2-way,Sealed,,0,0,,50,,Null,0,0,,47,Wellington City,Traffic Signals,,,,,0,0,Urban,0,,,Null,Null
1579720,5177733,4987,,595900,0,,0,0,,South,2007/2008,ROCKING HORSE ROAD,TERN ST,,Minor Crash,No,2007,,South,,0,,Flat,,,,,,Bright sun,2555902,1,0,0,2,,,0,,,1,,,Canterbury Region,Nil,2-way,Sealed,,0,0,,50,,Null,1,0,,60,Christchurch City,Unknown,,,,,0,0,Urban,0,,,Fine,Null
1882042,5780439,4988,,538601,0,,0,0,,West,2011/2012,TAUI ST,WIKARAKA ST,,Serious Crash,No,2011,,East,,0,,Flat,,Christmas New Year,,,,Dark,1247100,0,0,0,2,,,0,,,1,,,Bay of Plenty Region,Nil,2-way,Sealed,,0,1,,50,,On,0,0,,24,Rotorua District,Unknown,,,,,0,0,Urban,1,,,Fine,Null
1770727,5913187,4989,,523101,0,0,0,1,0,South,2008/2009,BOTANY ROAD,PINEWOOD GROVE,,Non-Injury Crash,No,2008,0,North,0,0,0,Hill Road,0,,0,,0,Dark,710512,0,0,0,2,0,0,0,0,1,,0,0,Auckland Region,Nil,2-way,Sealed,0,0,0,0,60,0,On,0,0,,76,Auckland,Nil,0,0,0,0,0,0,Urban,1,0,0,Fine,Null
1565386.066,5180164.517,4990,,590100,0,0,0,0,0,East,2018/2019,LESLIE STREET,BRAKE STREET,,Non-Injury Crash,No,2019,0,Null,0,0,0,Null,0,,0,,0,Overcast,2542402,0,0,1,2,0,0,0,0,1,,0,0,Canterbury Region,Nil,2-way,Sealed,0,0,0,0,20,0,Null,0,0,,60,Christchurch City,Unknown,0,0,0,0,0,0,Urban,0,0,0,Light rain,Null
1769705,5904689,4991,,523722,0,,0,2,,Null,2007/2008,REDOUBT ROAD,HILLTOP ROAD,,Minor Crash,No,2007,,East,,0,,Flat,,,,,,Bright sun,716106,2,0,0,2,,,0,,,,,,Auckland Region,Nil,2-way,Sealed,,0,0,,50,,Off,0,0,,76,Auckland,Nil,,,,,0,0,Urban,0,,,Fine,Null
1744552,5918107,4992,,510700,0,,0,1,,East,2014/2015,SWANSON ROAD,RATHGAR ROAD,,Minor Crash,No,2014,,North,,0,,Flat,,,,,,Bright sun,239200,2,0,0,2,,,0,,,2,,,Auckland Region,Nil,2-way,Sealed,,0,0,,50,,Null,0,0,,76,Auckland,Nil,,,,,0,0,Urban,0,,,Fine,Null
1753950,5931346,4993,,508807,0,,0,3,,West,2016/2017,SH 18,UPPER HWY ON NBD,,Non-Injury Crash,Yes,2017,,East,,0,,Flat,,,,,,Bright sun,180810,0,0,0,5,,,0,,,,,,Auckland Region,Nil,2-way,Sealed,,0,0,,50,,Null,1,0,,76,Auckland,Unknown,,,,,0,0,Urban,0,,,Fine,Null
1750478,5914476,4994,,511303,0,0,0,1,0,South,2002/2003,PORTAGE ROAD,GREAT NORTH ROAD,,Non-Injury Crash,No,2002,0,West,0,0,0,Flat,0,,0,,0,Overcast,266200,0,0,0,2,0,0,0,0,1,,0,0,Auckland Region,Nil,2-way,Sealed,0,0,0,0,50,0,Off,0,0,,76,Auckland,Nil,0,0,0,0,1,0,Urban,0,0,0,Fine,Null
1748624,5960349,4995,,506613,0,0,0,0,0,Null,2018/2019,SH 1N,HIKAUAE CK BR,,Non-Injury Crash,Yes,2018,0,North,0,0,0,Flat,1,,0,,0,Dark,146800,0,0,0,2,0,0,0,0,0,,0,0,Auckland Region,Bridge,2-way,Sealed,0,0,0,0,100,0,On,0,0,,76,Auckland,Unknown,0,0,0,1,1,0,Open,0,0,0,Fine,Null
1758264,5920203,4996,,514103,0,0,0,0,0,Null,2005/2006,SH 16,PARNELL RISE,,Minor Crash,Yes,2006,0,North,0,0,0,Flat,0,,0,,0,Bright sun,438203,1,0,0,4,0,0,0,0,0,1,0,0,Auckland Region,Nil,2-way,Sealed,0,0,0,0,50,0,Off,0,0,,76,Auckland,Traffic Signals,1,1,0,0,1,0,Urban,0,0,0,Fine,Null
1762675,5437088,4997,,568301,0,0,0,2,0,North,2006/2007,OXFORD TERRACE,LINCOLN AVENUE,,Non-Injury Crash,No,2007,0,South,0,0,0,Flat,0,,0,,0,Overcast,1948900,0,0,0,2,0,0,0,0,1,,0,0,Wellington Region,Nil,2-way,Sealed,0,0,0,0,50,0,Null,0,0,,46,Lower Hutt City,Nil,0,0,0,0,0,0,Urban,0,0,0,Light rain,Null
1570568,5176163,4998,,591101,0,0,0,1,0,Null,2010/2011,WOODBRIDGE ROAD,COLOMBO ST,,Non-Injury Crash,No,2011,0,South,0,0,0,Flat,0,,0,,1,Dark,2549600,0,0,0,2,0,0,0,0,0,,0,0,Canterbury Region,Nil,2-way,Sealed,0,0,0,0,50,0,On,0,0,,60,Christchurch City,Give way,0,0,0,0,0,0,Urban,0,0,0,Fine,Null